Copyright 1986-2022 Xilinx, Inc. All Rights Reserved. Copyright 2022-2025 Advanced Micro Devices, Inc. All Rights Reserved.
---------------------------------------------------------------------------------------------------------------------------------------------------------------------------------------------------------------------------------------------------------
| Tool Version : Vivado v.2025.1 (win64) Build 6140274 Thu May 22 00:12:29 MDT 2025
| Date         : Wed Aug 26 22:48:53 2026
| Host         : Laptop running 64-bit major release  (build 9200)
| Command      : report_timing_summary -max_paths 10 -routable_nets -report_unconstrained -file basys3_demo_top_timing_summary_routed.rpt -pb basys3_demo_top_timing_summary_routed.pb -rpx basys3_demo_top_timing_summary_routed.rpx -warn_on_violation
| Design       : basys3_demo_top
| Device       : 7a35t-cpg236
| Speed File   : -1  PRODUCTION 1.23 2018-06-13
| Design State : Routed
---------------------------------------------------------------------------------------------------------------------------------------------------------------------------------------------------------------------------------------------------------

Timing Summary Report

------------------------------------------------------------------------------------------------
| Timer Settings
| --------------
------------------------------------------------------------------------------------------------

  Enable Multi Corner Analysis               :  Yes
  Enable Pessimism Removal                   :  Yes
  Pessimism Removal Resolution               :  Nearest Common Node
  Enable Input Delay Default Clock           :  No
  Enable Preset / Clear Arcs                 :  No
  Disable Flight Delays                      :  No
  Ignore I/O Paths                           :  No
  Timing Early Launch at Borrowing Latches   :  No
  Borrow Time for Max Delay Exceptions       :  Yes
  Merge Timing Exceptions                    :  Yes
  Inter-SLR Compensation                     :  Conservative

  Corner  Analyze    Analyze    
  Name    Max Paths  Min Paths  
  ------  ---------  ---------  
  Slow    Yes        Yes        
  Fast    Yes        Yes        


------------------------------------------------------------------------------------------------
| Report Methodology
| ------------------
------------------------------------------------------------------------------------------------

Rule       Severity  Description                    Violations  
---------  --------  -----------------------------  ----------  
TIMING-18  Warning   Missing input or output delay  45          

Note: This report is based on the most recent report_methodology run and may not be up-to-date. Run report_methodology on the current design for the latest report.



check_timing report

Table of Contents
-----------------
1. checking no_clock (0)
2. checking constant_clock (0)
3. checking pulse_width_clock (0)
4. checking unconstrained_internal_endpoints (0)
5. checking no_input_delay (4)
6. checking no_output_delay (21)
7. checking multiple_clock (0)
8. checking generated_clocks (0)
9. checking loops (0)
10. checking partial_input_delay (0)
11. checking partial_output_delay (0)
12. checking latch_loops (0)

1. checking no_clock (0)
------------------------
 There are 0 register/latch pins with no clock.


2. checking constant_clock (0)
------------------------------
 There are 0 register/latch pins with constant_clock.


3. checking pulse_width_clock (0)
---------------------------------
 There are 0 register/latch pins which need pulse_width check


4. checking unconstrained_internal_endpoints (0)
------------------------------------------------
 There are 0 pins that are not constrained for maximum delay.

 There are 0 pins that are not constrained for maximum delay due to constant clock.


5. checking no_input_delay (4)
------------------------------
 There are 4 input ports with no input delay specified. (HIGH)

 There are 0 input ports with no input delay but user has a false path constraint.


6. checking no_output_delay (21)
--------------------------------
 There are 21 ports with no output delay specified. (HIGH)

 There are 0 ports with no output delay but user has a false path constraint

 There are 0 ports with no output delay but with a timing clock defined on it or propagating through it


7. checking multiple_clock (0)
------------------------------
 There are 0 register/latch pins with multiple clocks.


8. checking generated_clocks (0)
--------------------------------
 There are 0 generated clocks that are not connected to a clock source.


9. checking loops (0)
---------------------
 There are 0 combinational loops in the design.


10. checking partial_input_delay (0)
------------------------------------
 There are 0 input ports with partial input delay specified.


11. checking partial_output_delay (0)
-------------------------------------
 There are 0 ports with partial output delay specified.


12. checking latch_loops (0)
----------------------------
 There are 0 combinational latch loops in the design through latch input



------------------------------------------------------------------------------------------------
| Design Timing Summary
| ---------------------
------------------------------------------------------------------------------------------------

    WNS(ns)      TNS(ns)  TNS Failing Endpoints  TNS Total Endpoints      WHS(ns)      THS(ns)  THS Failing Endpoints  THS Total Endpoints     WPWS(ns)     TPWS(ns)  TPWS Failing Endpoints  TPWS Total Endpoints  
    -------      -------  ---------------------  -------------------      -------      -------  ---------------------  -------------------     --------     --------  ----------------------  --------------------  
      4.846        0.000                      0                 1344        0.144        0.000                      0                 1344        4.020        0.000                       0                   465  


All user specified timing constraints are met.


------------------------------------------------------------------------------------------------
| Clock Summary
| -------------
------------------------------------------------------------------------------------------------

Clock        Waveform(ns)       Period(ns)      Frequency(MHz)
-----        ------------       ----------      --------------
sys_clk_pin  {0.000 5.000}      10.000          100.000         


------------------------------------------------------------------------------------------------
| Intra Clock Table
| -----------------
------------------------------------------------------------------------------------------------

Clock             WNS(ns)      TNS(ns)  TNS Failing Endpoints  TNS Total Endpoints      WHS(ns)      THS(ns)  THS Failing Endpoints  THS Total Endpoints     WPWS(ns)     TPWS(ns)  TPWS Failing Endpoints  TPWS Total Endpoints  
-----             -------      -------  ---------------------  -------------------      -------      -------  ---------------------  -------------------     --------     --------  ----------------------  --------------------  
sys_clk_pin         4.846        0.000                      0                 1344        0.144        0.000                      0                 1344        4.020        0.000                       0                   465  


------------------------------------------------------------------------------------------------
| Inter Clock Table
| -----------------
------------------------------------------------------------------------------------------------

From Clock    To Clock          WNS(ns)      TNS(ns)  TNS Failing Endpoints  TNS Total Endpoints      WHS(ns)      THS(ns)  THS Failing Endpoints  THS Total Endpoints  
----------    --------          -------      -------  ---------------------  -------------------      -------      -------  ---------------------  -------------------  


------------------------------------------------------------------------------------------------
| Other Path Groups Table
| -----------------------
------------------------------------------------------------------------------------------------

Path Group    From Clock    To Clock          WNS(ns)      TNS(ns)  TNS Failing Endpoints  TNS Total Endpoints      WHS(ns)      THS(ns)  THS Failing Endpoints  THS Total Endpoints  
----------    ----------    --------          -------      -------  ---------------------  -------------------      -------      -------  ---------------------  -------------------  


------------------------------------------------------------------------------------------------
| User Ignored Path Table
| -----------------------
------------------------------------------------------------------------------------------------

Path Group    From Clock    To Clock    
----------    ----------    --------    


------------------------------------------------------------------------------------------------
| Unconstrained Path Table
| ------------------------
------------------------------------------------------------------------------------------------

Path Group    From Clock    To Clock    
----------    ----------    --------    
(none)                                    
(none)        sys_clk_pin                 
(none)                      sys_clk_pin   


------------------------------------------------------------------------------------------------
| Timing Details
| --------------
------------------------------------------------------------------------------------------------


---------------------------------------------------------------------------------------------------
From Clock:  sys_clk_pin
  To Clock:  sys_clk_pin

Setup :            0  Failing Endpoints,  Worst Slack        4.846ns,  Total Violation        0.000ns
Hold  :            0  Failing Endpoints,  Worst Slack        0.144ns,  Total Violation        0.000ns
PW    :            0  Failing Endpoints,  Worst Slack        4.020ns,  Total Violation        0.000ns
---------------------------------------------------------------------------------------------------


Max Delay Paths
--------------------------------------------------------------------------------------
Slack (MET) :             4.846ns  (required time - arrival time)
  Source:                 u_systolic_top/u_systolic_array/gen_rows[1].gen_cols[0].pe_inst/b_out_reg[1]/C
                            (rising edge-triggered cell FDRE clocked by sys_clk_pin  {rise@0.000ns fall@5.000ns period=10.000ns})
  Destination:            u_systolic_top/u_systolic_array/gen_rows[2].gen_cols[0].pe_inst/acc_reg[13]/D
                            (rising edge-triggered cell FDRE clocked by sys_clk_pin  {rise@0.000ns fall@5.000ns period=10.000ns})
  Path Group:             sys_clk_pin
  Path Type:              Setup (Max at Slow Process Corner)
  Requirement:            10.000ns  (sys_clk_pin rise@10.000ns - sys_clk_pin rise@0.000ns)
  Data Path Delay:        5.208ns  (logic 2.813ns (54.014%)  route 2.395ns (45.986%))
  Logic Levels:           7  (CARRY4=5 LUT2=1 LUT4=1)
  Clock Path Skew:        0.027ns (DCD - SCD + CPR)
    Destination Clock Delay (DCD):    4.856ns = ( 14.856 - 10.000 ) 
    Source Clock Delay      (SCD):    5.089ns
    Clock Pessimism Removal (CPR):    0.260ns
  Clock Uncertainty:      0.035ns  ((TSJ^2 + TIJ^2)^1/2 + DJ) / 2 + PE
    Total System Jitter     (TSJ):    0.071ns
    Total Input Jitter      (TIJ):    0.000ns
    Discrete Jitter          (DJ):    0.000ns
    Phase Error              (PE):    0.000ns

    Location             Delay type                Incr(ns)  Path(ns)    Netlist Resource(s)
  -------------------------------------------------------------------    -------------------
                         (clock sys_clk_pin rise edge)
                                                      0.000     0.000 r  
    W5                                                0.000     0.000 r  clk (IN)
                         net (fo=0)                   0.000     0.000    clk
    W5                   IBUF (Prop_ibuf_I_O)         1.458     1.458 r  clk_IBUF_inst/O
                         net (fo=1, routed)           1.967     3.425    clk_IBUF
    BUFGCTRL_X0Y0        BUFG (Prop_bufg_I_O)         0.096     3.521 r  clk_IBUF_BUFG_inst/O
                         net (fo=464, routed)         1.568     5.089    u_systolic_top/u_systolic_array/gen_rows[1].gen_cols[0].pe_inst/clk_IBUF_BUFG
    SLICE_X8Y7           FDRE                                         r  u_systolic_top/u_systolic_array/gen_rows[1].gen_cols[0].pe_inst/b_out_reg[1]/C
  -------------------------------------------------------------------    -------------------
    SLICE_X8Y7           FDRE (Prop_fdre_C_Q)         0.478     5.567 r  u_systolic_top/u_systolic_array/gen_rows[1].gen_cols[0].pe_inst/b_out_reg[1]/Q
                         net (fo=8, routed)           1.278     6.845    u_systolic_top/u_systolic_array/gen_rows[1].gen_cols[0].pe_inst/b_out_reg[1]_0[1]
    SLICE_X9Y10          LUT4 (Prop_lut4_I2_O)        0.301     7.146 r  u_systolic_top/u_systolic_array/gen_rows[1].gen_cols[0].pe_inst/acc1_carry_i_6__12/O
                         net (fo=1, routed)           0.000     7.146    u_systolic_top/u_systolic_array/gen_rows[2].gen_cols[0].pe_inst/S[1]
    SLICE_X9Y10          CARRY4 (Prop_carry4_S[1]_CO[3])
                                                      0.550     7.696 r  u_systolic_top/u_systolic_array/gen_rows[2].gen_cols[0].pe_inst/acc1_carry/CO[3]
                         net (fo=1, routed)           0.000     7.696    u_systolic_top/u_systolic_array/gen_rows[2].gen_cols[0].pe_inst/acc1_carry_n_0
    SLICE_X9Y11          CARRY4 (Prop_carry4_CI_CO[1])
                                                      0.157     7.853 r  u_systolic_top/u_systolic_array/gen_rows[2].gen_cols[0].pe_inst/acc1_carry__0/CO[1]
                         net (fo=2, routed)           1.117     8.970    u_systolic_top/u_systolic_array/gen_rows[2].gen_cols[0].pe_inst/acc1_carry__0_n_2
    SLICE_X7Y8           LUT2 (Prop_lut2_I0_O)        0.329     9.299 r  u_systolic_top/u_systolic_array/gen_rows[2].gen_cols[0].pe_inst/acc[4]_i_2__9/O
                         net (fo=1, routed)           0.000     9.299    u_systolic_top/u_systolic_array/gen_rows[2].gen_cols[0].pe_inst/acc[4]_i_2__9_n_0
    SLICE_X7Y8           CARRY4 (Prop_carry4_S[1]_CO[3])
                                                      0.550     9.849 r  u_systolic_top/u_systolic_array/gen_rows[2].gen_cols[0].pe_inst/acc_reg[4]_i_1__12/CO[3]
                         net (fo=1, routed)           0.000     9.849    u_systolic_top/u_systolic_array/gen_rows[2].gen_cols[0].pe_inst/acc_reg[4]_i_1__12_n_0
    SLICE_X7Y9           CARRY4 (Prop_carry4_CI_CO[3])
                                                      0.114     9.963 r  u_systolic_top/u_systolic_array/gen_rows[2].gen_cols[0].pe_inst/acc_reg[8]_i_1__12/CO[3]
                         net (fo=1, routed)           0.000     9.963    u_systolic_top/u_systolic_array/gen_rows[2].gen_cols[0].pe_inst/acc_reg[8]_i_1__12_n_0
    SLICE_X7Y10          CARRY4 (Prop_carry4_CI_O[1])
                                                      0.334    10.297 r  u_systolic_top/u_systolic_array/gen_rows[2].gen_cols[0].pe_inst/acc_reg[12]_i_1__12/O[1]
                         net (fo=1, routed)           0.000    10.297    u_systolic_top/u_systolic_array/gen_rows[2].gen_cols[0].pe_inst/acc_reg[12]_i_1__12_n_6
    SLICE_X7Y10          FDRE                                         r  u_systolic_top/u_systolic_array/gen_rows[2].gen_cols[0].pe_inst/acc_reg[13]/D
  -------------------------------------------------------------------    -------------------

                         (clock sys_clk_pin rise edge)
                                                     10.000    10.000 r  
    W5                                                0.000    10.000 r  clk (IN)
                         net (fo=0)                   0.000    10.000    clk
    W5                   IBUF (Prop_ibuf_I_O)         1.388    11.388 r  clk_IBUF_inst/O
                         net (fo=1, routed)           1.862    13.250    clk_IBUF
    BUFGCTRL_X0Y0        BUFG (Prop_bufg_I_O)         0.091    13.341 r  clk_IBUF_BUFG_inst/O
                         net (fo=464, routed)         1.515    14.856    u_systolic_top/u_systolic_array/gen_rows[2].gen_cols[0].pe_inst/clk_IBUF_BUFG
    SLICE_X7Y10          FDRE                                         r  u_systolic_top/u_systolic_array/gen_rows[2].gen_cols[0].pe_inst/acc_reg[13]/C
                         clock pessimism              0.260    15.116    
                         clock uncertainty           -0.035    15.081    
    SLICE_X7Y10          FDRE (Setup_fdre_C_D)        0.062    15.143    u_systolic_top/u_systolic_array/gen_rows[2].gen_cols[0].pe_inst/acc_reg[13]
  -------------------------------------------------------------------
                         required time                         15.143    
                         arrival time                         -10.297    
  -------------------------------------------------------------------
                         slack                                  4.846    

Slack (MET) :             4.847ns  (required time - arrival time)
  Source:                 u_systolic_top/u_skew_b/data_out_reg[2][1]/C
                            (rising edge-triggered cell FDRE clocked by sys_clk_pin  {rise@0.000ns fall@5.000ns period=10.000ns})
  Destination:            u_systolic_top/u_systolic_array/gen_rows[0].gen_cols[2].pe_inst/acc_reg[13]/D
                            (rising edge-triggered cell FDRE clocked by sys_clk_pin  {rise@0.000ns fall@5.000ns period=10.000ns})
  Path Group:             sys_clk_pin
  Path Type:              Setup (Max at Slow Process Corner)
  Requirement:            10.000ns  (sys_clk_pin rise@10.000ns - sys_clk_pin rise@0.000ns)
  Data Path Delay:        5.121ns  (logic 2.749ns (53.681%)  route 2.372ns (46.319%))
  Logic Levels:           7  (CARRY4=5 LUT2=1 LUT4=1)
  Clock Path Skew:        -0.106ns (DCD - SCD + CPR)
    Destination Clock Delay (DCD):    4.791ns = ( 14.791 - 10.000 ) 
    Source Clock Delay      (SCD):    5.157ns
    Clock Pessimism Removal (CPR):    0.260ns
  Clock Uncertainty:      0.035ns  ((TSJ^2 + TIJ^2)^1/2 + DJ) / 2 + PE
    Total System Jitter     (TSJ):    0.071ns
    Total Input Jitter      (TIJ):    0.000ns
    Discrete Jitter          (DJ):    0.000ns
    Phase Error              (PE):    0.000ns

    Location             Delay type                Incr(ns)  Path(ns)    Netlist Resource(s)
  -------------------------------------------------------------------    -------------------
                         (clock sys_clk_pin rise edge)
                                                      0.000     0.000 r  
    W5                                                0.000     0.000 r  clk (IN)
                         net (fo=0)                   0.000     0.000    clk
    W5                   IBUF (Prop_ibuf_I_O)         1.458     1.458 r  clk_IBUF_inst/O
                         net (fo=1, routed)           1.967     3.425    clk_IBUF
    BUFGCTRL_X0Y0        BUFG (Prop_bufg_I_O)         0.096     3.521 r  clk_IBUF_BUFG_inst/O
                         net (fo=464, routed)         1.636     5.157    u_systolic_top/u_skew_b/clk_IBUF_BUFG
    SLICE_X6Y2           FDRE                                         r  u_systolic_top/u_skew_b/data_out_reg[2][1]/C
  -------------------------------------------------------------------    -------------------
    SLICE_X6Y2           FDRE (Prop_fdre_C_Q)         0.518     5.675 r  u_systolic_top/u_skew_b/data_out_reg[2][1]/Q
                         net (fo=6, routed)           1.211     6.886    u_systolic_top/u_skew_b/data_out_reg[2][1]_1[1]
    SLICE_X10Y0          LUT4 (Prop_lut4_I2_O)        0.124     7.010 r  u_systolic_top/u_skew_b/acc1_carry_i_6__6/O
                         net (fo=1, routed)           0.000     7.010    u_systolic_top/u_systolic_array/gen_rows[0].gen_cols[2].pe_inst/S[1]
    SLICE_X10Y0          CARRY4 (Prop_carry4_S[1]_CO[3])
                                                      0.533     7.543 r  u_systolic_top/u_systolic_array/gen_rows[0].gen_cols[2].pe_inst/acc1_carry/CO[3]
                         net (fo=1, routed)           0.000     7.543    u_systolic_top/u_skew_b/acc_reg[7]_7[0]
    SLICE_X10Y1          CARRY4 (Prop_carry4_CI_CO[0])
                                                      0.254     7.797 r  u_systolic_top/u_skew_b/acc_reg[4]_i_2__0/CO[0]
                         net (fo=2, routed)           1.161     8.958    u_systolic_top/u_skew_b/acc_reg[4]_i_2__0_n_3
    SLICE_X10Y6          LUT2 (Prop_lut2_I0_O)        0.367     9.325 r  u_systolic_top/u_skew_b/acc[4]_i_3__6/O
                         net (fo=1, routed)           0.000     9.325    u_systolic_top/u_skew_b/acc[4]_i_3__6_n_0
    SLICE_X10Y6          CARRY4 (Prop_carry4_S[0]_CO[3])
                                                      0.513     9.838 r  u_systolic_top/u_skew_b/acc_reg[4]_i_1__6/CO[3]
                         net (fo=1, routed)           0.000     9.838    u_systolic_top/u_systolic_array/gen_rows[0].gen_cols[2].pe_inst/acc_reg[11]_0[0]
    SLICE_X10Y7          CARRY4 (Prop_carry4_CI_CO[3])
                                                      0.117     9.955 r  u_systolic_top/u_systolic_array/gen_rows[0].gen_cols[2].pe_inst/acc_reg[8]_i_1__6/CO[3]
                         net (fo=1, routed)           0.000     9.955    u_systolic_top/u_systolic_array/gen_rows[0].gen_cols[2].pe_inst/acc_reg[8]_i_1__6_n_0
    SLICE_X10Y8          CARRY4 (Prop_carry4_CI_O[1])
                                                      0.323    10.278 r  u_systolic_top/u_systolic_array/gen_rows[0].gen_cols[2].pe_inst/acc_reg[12]_i_1__6/O[1]
                         net (fo=1, routed)           0.000    10.278    u_systolic_top/u_systolic_array/gen_rows[0].gen_cols[2].pe_inst/acc_reg[12]_i_1__6_n_6
    SLICE_X10Y8          FDRE                                         r  u_systolic_top/u_systolic_array/gen_rows[0].gen_cols[2].pe_inst/acc_reg[13]/D
  -------------------------------------------------------------------    -------------------

                         (clock sys_clk_pin rise edge)
                                                     10.000    10.000 r  
    W5                                                0.000    10.000 r  clk (IN)
                         net (fo=0)                   0.000    10.000    clk
    W5                   IBUF (Prop_ibuf_I_O)         1.388    11.388 r  clk_IBUF_inst/O
                         net (fo=1, routed)           1.862    13.250    clk_IBUF
    BUFGCTRL_X0Y0        BUFG (Prop_bufg_I_O)         0.091    13.341 r  clk_IBUF_BUFG_inst/O
                         net (fo=464, routed)         1.450    14.791    u_systolic_top/u_systolic_array/gen_rows[0].gen_cols[2].pe_inst/clk_IBUF_BUFG
    SLICE_X10Y8          FDRE                                         r  u_systolic_top/u_systolic_array/gen_rows[0].gen_cols[2].pe_inst/acc_reg[13]/C
                         clock pessimism              0.260    15.051    
                         clock uncertainty           -0.035    15.016    
    SLICE_X10Y8          FDRE (Setup_fdre_C_D)        0.109    15.125    u_systolic_top/u_systolic_array/gen_rows[0].gen_cols[2].pe_inst/acc_reg[13]
  -------------------------------------------------------------------
                         required time                         15.125    
                         arrival time                         -10.278    
  -------------------------------------------------------------------
                         slack                                  4.847    

Slack (MET) :             4.855ns  (required time - arrival time)
  Source:                 u_systolic_top/u_skew_b/data_out_reg[2][1]/C
                            (rising edge-triggered cell FDRE clocked by sys_clk_pin  {rise@0.000ns fall@5.000ns period=10.000ns})
  Destination:            u_systolic_top/u_systolic_array/gen_rows[0].gen_cols[2].pe_inst/acc_reg[15]/D
                            (rising edge-triggered cell FDRE clocked by sys_clk_pin  {rise@0.000ns fall@5.000ns period=10.000ns})
  Path Group:             sys_clk_pin
  Path Type:              Setup (Max at Slow Process Corner)
  Requirement:            10.000ns  (sys_clk_pin rise@10.000ns - sys_clk_pin rise@0.000ns)
  Data Path Delay:        5.113ns  (logic 2.741ns (53.609%)  route 2.372ns (46.391%))
  Logic Levels:           7  (CARRY4=5 LUT2=1 LUT4=1)
  Clock Path Skew:        -0.106ns (DCD - SCD + CPR)
    Destination Clock Delay (DCD):    4.791ns = ( 14.791 - 10.000 ) 
    Source Clock Delay      (SCD):    5.157ns
    Clock Pessimism Removal (CPR):    0.260ns
  Clock Uncertainty:      0.035ns  ((TSJ^2 + TIJ^2)^1/2 + DJ) / 2 + PE
    Total System Jitter     (TSJ):    0.071ns
    Total Input Jitter      (TIJ):    0.000ns
    Discrete Jitter          (DJ):    0.000ns
    Phase Error              (PE):    0.000ns

    Location             Delay type                Incr(ns)  Path(ns)    Netlist Resource(s)
  -------------------------------------------------------------------    -------------------
                         (clock sys_clk_pin rise edge)
                                                      0.000     0.000 r  
    W5                                                0.000     0.000 r  clk (IN)
                         net (fo=0)                   0.000     0.000    clk
    W5                   IBUF (Prop_ibuf_I_O)         1.458     1.458 r  clk_IBUF_inst/O
                         net (fo=1, routed)           1.967     3.425    clk_IBUF
    BUFGCTRL_X0Y0        BUFG (Prop_bufg_I_O)         0.096     3.521 r  clk_IBUF_BUFG_inst/O
                         net (fo=464, routed)         1.636     5.157    u_systolic_top/u_skew_b/clk_IBUF_BUFG
    SLICE_X6Y2           FDRE                                         r  u_systolic_top/u_skew_b/data_out_reg[2][1]/C
  -------------------------------------------------------------------    -------------------
    SLICE_X6Y2           FDRE (Prop_fdre_C_Q)         0.518     5.675 r  u_systolic_top/u_skew_b/data_out_reg[2][1]/Q
                         net (fo=6, routed)           1.211     6.886    u_systolic_top/u_skew_b/data_out_reg[2][1]_1[1]
    SLICE_X10Y0          LUT4 (Prop_lut4_I2_O)        0.124     7.010 r  u_systolic_top/u_skew_b/acc1_carry_i_6__6/O
                         net (fo=1, routed)           0.000     7.010    u_systolic_top/u_systolic_array/gen_rows[0].gen_cols[2].pe_inst/S[1]
    SLICE_X10Y0          CARRY4 (Prop_carry4_S[1]_CO[3])
                                                      0.533     7.543 r  u_systolic_top/u_systolic_array/gen_rows[0].gen_cols[2].pe_inst/acc1_carry/CO[3]
                         net (fo=1, routed)           0.000     7.543    u_systolic_top/u_skew_b/acc_reg[7]_7[0]
    SLICE_X10Y1          CARRY4 (Prop_carry4_CI_CO[0])
                                                      0.254     7.797 r  u_systolic_top/u_skew_b/acc_reg[4]_i_2__0/CO[0]
                         net (fo=2, routed)           1.161     8.958    u_systolic_top/u_skew_b/acc_reg[4]_i_2__0_n_3
    SLICE_X10Y6          LUT2 (Prop_lut2_I0_O)        0.367     9.325 r  u_systolic_top/u_skew_b/acc[4]_i_3__6/O
                         net (fo=1, routed)           0.000     9.325    u_systolic_top/u_skew_b/acc[4]_i_3__6_n_0
    SLICE_X10Y6          CARRY4 (Prop_carry4_S[0]_CO[3])
                                                      0.513     9.838 r  u_systolic_top/u_skew_b/acc_reg[4]_i_1__6/CO[3]
                         net (fo=1, routed)           0.000     9.838    u_systolic_top/u_systolic_array/gen_rows[0].gen_cols[2].pe_inst/acc_reg[11]_0[0]
    SLICE_X10Y7          CARRY4 (Prop_carry4_CI_CO[3])
                                                      0.117     9.955 r  u_systolic_top/u_systolic_array/gen_rows[0].gen_cols[2].pe_inst/acc_reg[8]_i_1__6/CO[3]
                         net (fo=1, routed)           0.000     9.955    u_systolic_top/u_systolic_array/gen_rows[0].gen_cols[2].pe_inst/acc_reg[8]_i_1__6_n_0
    SLICE_X10Y8          CARRY4 (Prop_carry4_CI_O[3])
                                                      0.315    10.270 r  u_systolic_top/u_systolic_array/gen_rows[0].gen_cols[2].pe_inst/acc_reg[12]_i_1__6/O[3]
                         net (fo=1, routed)           0.000    10.270    u_systolic_top/u_systolic_array/gen_rows[0].gen_cols[2].pe_inst/acc_reg[12]_i_1__6_n_4
    SLICE_X10Y8          FDRE                                         r  u_systolic_top/u_systolic_array/gen_rows[0].gen_cols[2].pe_inst/acc_reg[15]/D
  -------------------------------------------------------------------    -------------------

                         (clock sys_clk_pin rise edge)
                                                     10.000    10.000 r  
    W5                                                0.000    10.000 r  clk (IN)
                         net (fo=0)                   0.000    10.000    clk
    W5                   IBUF (Prop_ibuf_I_O)         1.388    11.388 r  clk_IBUF_inst/O
                         net (fo=1, routed)           1.862    13.250    clk_IBUF
    BUFGCTRL_X0Y0        BUFG (Prop_bufg_I_O)         0.091    13.341 r  clk_IBUF_BUFG_inst/O
                         net (fo=464, routed)         1.450    14.791    u_systolic_top/u_systolic_array/gen_rows[0].gen_cols[2].pe_inst/clk_IBUF_BUFG
    SLICE_X10Y8          FDRE                                         r  u_systolic_top/u_systolic_array/gen_rows[0].gen_cols[2].pe_inst/acc_reg[15]/C
                         clock pessimism              0.260    15.051    
                         clock uncertainty           -0.035    15.016    
    SLICE_X10Y8          FDRE (Setup_fdre_C_D)        0.109    15.125    u_systolic_top/u_systolic_array/gen_rows[0].gen_cols[2].pe_inst/acc_reg[15]
  -------------------------------------------------------------------
                         required time                         15.125    
                         arrival time                         -10.270    
  -------------------------------------------------------------------
                         slack                                  4.855    

Slack (MET) :             4.867ns  (required time - arrival time)
  Source:                 u_systolic_top/u_systolic_array/gen_rows[1].gen_cols[0].pe_inst/b_out_reg[1]/C
                            (rising edge-triggered cell FDRE clocked by sys_clk_pin  {rise@0.000ns fall@5.000ns period=10.000ns})
  Destination:            u_systolic_top/u_systolic_array/gen_rows[2].gen_cols[0].pe_inst/acc_reg[15]/D
                            (rising edge-triggered cell FDRE clocked by sys_clk_pin  {rise@0.000ns fall@5.000ns period=10.000ns})
  Path Group:             sys_clk_pin
  Path Type:              Setup (Max at Slow Process Corner)
  Requirement:            10.000ns  (sys_clk_pin rise@10.000ns - sys_clk_pin rise@0.000ns)
  Data Path Delay:        5.187ns  (logic 2.792ns (53.827%)  route 2.395ns (46.173%))
  Logic Levels:           7  (CARRY4=5 LUT2=1 LUT4=1)
  Clock Path Skew:        0.027ns (DCD - SCD + CPR)
    Destination Clock Delay (DCD):    4.856ns = ( 14.856 - 10.000 ) 
    Source Clock Delay      (SCD):    5.089ns
    Clock Pessimism Removal (CPR):    0.260ns
  Clock Uncertainty:      0.035ns  ((TSJ^2 + TIJ^2)^1/2 + DJ) / 2 + PE
    Total System Jitter     (TSJ):    0.071ns
    Total Input Jitter      (TIJ):    0.000ns
    Discrete Jitter          (DJ):    0.000ns
    Phase Error              (PE):    0.000ns

    Location             Delay type                Incr(ns)  Path(ns)    Netlist Resource(s)
  -------------------------------------------------------------------    -------------------
                         (clock sys_clk_pin rise edge)
                                                      0.000     0.000 r  
    W5                                                0.000     0.000 r  clk (IN)
                         net (fo=0)                   0.000     0.000    clk
    W5                   IBUF (Prop_ibuf_I_O)         1.458     1.458 r  clk_IBUF_inst/O
                         net (fo=1, routed)           1.967     3.425    clk_IBUF
    BUFGCTRL_X0Y0        BUFG (Prop_bufg_I_O)         0.096     3.521 r  clk_IBUF_BUFG_inst/O
                         net (fo=464, routed)         1.568     5.089    u_systolic_top/u_systolic_array/gen_rows[1].gen_cols[0].pe_inst/clk_IBUF_BUFG
    SLICE_X8Y7           FDRE                                         r  u_systolic_top/u_systolic_array/gen_rows[1].gen_cols[0].pe_inst/b_out_reg[1]/C
  -------------------------------------------------------------------    -------------------
    SLICE_X8Y7           FDRE (Prop_fdre_C_Q)         0.478     5.567 r  u_systolic_top/u_systolic_array/gen_rows[1].gen_cols[0].pe_inst/b_out_reg[1]/Q
                         net (fo=8, routed)           1.278     6.845    u_systolic_top/u_systolic_array/gen_rows[1].gen_cols[0].pe_inst/b_out_reg[1]_0[1]
    SLICE_X9Y10          LUT4 (Prop_lut4_I2_O)        0.301     7.146 r  u_systolic_top/u_systolic_array/gen_rows[1].gen_cols[0].pe_inst/acc1_carry_i_6__12/O
                         net (fo=1, routed)           0.000     7.146    u_systolic_top/u_systolic_array/gen_rows[2].gen_cols[0].pe_inst/S[1]
    SLICE_X9Y10          CARRY4 (Prop_carry4_S[1]_CO[3])
                                                      0.550     7.696 r  u_systolic_top/u_systolic_array/gen_rows[2].gen_cols[0].pe_inst/acc1_carry/CO[3]
                         net (fo=1, routed)           0.000     7.696    u_systolic_top/u_systolic_array/gen_rows[2].gen_cols[0].pe_inst/acc1_carry_n_0
    SLICE_X9Y11          CARRY4 (Prop_carry4_CI_CO[1])
                                                      0.157     7.853 r  u_systolic_top/u_systolic_array/gen_rows[2].gen_cols[0].pe_inst/acc1_carry__0/CO[1]
                         net (fo=2, routed)           1.117     8.970    u_systolic_top/u_systolic_array/gen_rows[2].gen_cols[0].pe_inst/acc1_carry__0_n_2
    SLICE_X7Y8           LUT2 (Prop_lut2_I0_O)        0.329     9.299 r  u_systolic_top/u_systolic_array/gen_rows[2].gen_cols[0].pe_inst/acc[4]_i_2__9/O
                         net (fo=1, routed)           0.000     9.299    u_systolic_top/u_systolic_array/gen_rows[2].gen_cols[0].pe_inst/acc[4]_i_2__9_n_0
    SLICE_X7Y8           CARRY4 (Prop_carry4_S[1]_CO[3])
                                                      0.550     9.849 r  u_systolic_top/u_systolic_array/gen_rows[2].gen_cols[0].pe_inst/acc_reg[4]_i_1__12/CO[3]
                         net (fo=1, routed)           0.000     9.849    u_systolic_top/u_systolic_array/gen_rows[2].gen_cols[0].pe_inst/acc_reg[4]_i_1__12_n_0
    SLICE_X7Y9           CARRY4 (Prop_carry4_CI_CO[3])
                                                      0.114     9.963 r  u_systolic_top/u_systolic_array/gen_rows[2].gen_cols[0].pe_inst/acc_reg[8]_i_1__12/CO[3]
                         net (fo=1, routed)           0.000     9.963    u_systolic_top/u_systolic_array/gen_rows[2].gen_cols[0].pe_inst/acc_reg[8]_i_1__12_n_0
    SLICE_X7Y10          CARRY4 (Prop_carry4_CI_O[3])
                                                      0.313    10.276 r  u_systolic_top/u_systolic_array/gen_rows[2].gen_cols[0].pe_inst/acc_reg[12]_i_1__12/O[3]
                         net (fo=1, routed)           0.000    10.276    u_systolic_top/u_systolic_array/gen_rows[2].gen_cols[0].pe_inst/acc_reg[12]_i_1__12_n_4
    SLICE_X7Y10          FDRE                                         r  u_systolic_top/u_systolic_array/gen_rows[2].gen_cols[0].pe_inst/acc_reg[15]/D
  -------------------------------------------------------------------    -------------------

                         (clock sys_clk_pin rise edge)
                                                     10.000    10.000 r  
    W5                                                0.000    10.000 r  clk (IN)
                         net (fo=0)                   0.000    10.000    clk
    W5                   IBUF (Prop_ibuf_I_O)         1.388    11.388 r  clk_IBUF_inst/O
                         net (fo=1, routed)           1.862    13.250    clk_IBUF
    BUFGCTRL_X0Y0        BUFG (Prop_bufg_I_O)         0.091    13.341 r  clk_IBUF_BUFG_inst/O
                         net (fo=464, routed)         1.515    14.856    u_systolic_top/u_systolic_array/gen_rows[2].gen_cols[0].pe_inst/clk_IBUF_BUFG
    SLICE_X7Y10          FDRE                                         r  u_systolic_top/u_systolic_array/gen_rows[2].gen_cols[0].pe_inst/acc_reg[15]/C
                         clock pessimism              0.260    15.116    
                         clock uncertainty           -0.035    15.081    
    SLICE_X7Y10          FDRE (Setup_fdre_C_D)        0.062    15.143    u_systolic_top/u_systolic_array/gen_rows[2].gen_cols[0].pe_inst/acc_reg[15]
  -------------------------------------------------------------------
                         required time                         15.143    
                         arrival time                         -10.276    
  -------------------------------------------------------------------
                         slack                                  4.867    

Slack (MET) :             4.931ns  (required time - arrival time)
  Source:                 u_systolic_top/u_skew_b/data_out_reg[2][1]/C
                            (rising edge-triggered cell FDRE clocked by sys_clk_pin  {rise@0.000ns fall@5.000ns period=10.000ns})
  Destination:            u_systolic_top/u_systolic_array/gen_rows[0].gen_cols[2].pe_inst/acc_reg[14]/D
                            (rising edge-triggered cell FDRE clocked by sys_clk_pin  {rise@0.000ns fall@5.000ns period=10.000ns})
  Path Group:             sys_clk_pin
  Path Type:              Setup (Max at Slow Process Corner)
  Requirement:            10.000ns  (sys_clk_pin rise@10.000ns - sys_clk_pin rise@0.000ns)
  Data Path Delay:        5.037ns  (logic 2.665ns (52.909%)  route 2.372ns (47.091%))
  Logic Levels:           7  (CARRY4=5 LUT2=1 LUT4=1)
  Clock Path Skew:        -0.106ns (DCD - SCD + CPR)
    Destination Clock Delay (DCD):    4.791ns = ( 14.791 - 10.000 ) 
    Source Clock Delay      (SCD):    5.157ns
    Clock Pessimism Removal (CPR):    0.260ns
  Clock Uncertainty:      0.035ns  ((TSJ^2 + TIJ^2)^1/2 + DJ) / 2 + PE
    Total System Jitter     (TSJ):    0.071ns
    Total Input Jitter      (TIJ):    0.000ns
    Discrete Jitter          (DJ):    0.000ns
    Phase Error              (PE):    0.000ns

    Location             Delay type                Incr(ns)  Path(ns)    Netlist Resource(s)
  -------------------------------------------------------------------    -------------------
                         (clock sys_clk_pin rise edge)
                                                      0.000     0.000 r  
    W5                                                0.000     0.000 r  clk (IN)
                         net (fo=0)                   0.000     0.000    clk
    W5                   IBUF (Prop_ibuf_I_O)         1.458     1.458 r  clk_IBUF_inst/O
                         net (fo=1, routed)           1.967     3.425    clk_IBUF
    BUFGCTRL_X0Y0        BUFG (Prop_bufg_I_O)         0.096     3.521 r  clk_IBUF_BUFG_inst/O
                         net (fo=464, routed)         1.636     5.157    u_systolic_top/u_skew_b/clk_IBUF_BUFG
    SLICE_X6Y2           FDRE                                         r  u_systolic_top/u_skew_b/data_out_reg[2][1]/C
  -------------------------------------------------------------------    -------------------
    SLICE_X6Y2           FDRE (Prop_fdre_C_Q)         0.518     5.675 r  u_systolic_top/u_skew_b/data_out_reg[2][1]/Q
                         net (fo=6, routed)           1.211     6.886    u_systolic_top/u_skew_b/data_out_reg[2][1]_1[1]
    SLICE_X10Y0          LUT4 (Prop_lut4_I2_O)        0.124     7.010 r  u_systolic_top/u_skew_b/acc1_carry_i_6__6/O
                         net (fo=1, routed)           0.000     7.010    u_systolic_top/u_systolic_array/gen_rows[0].gen_cols[2].pe_inst/S[1]
    SLICE_X10Y0          CARRY4 (Prop_carry4_S[1]_CO[3])
                                                      0.533     7.543 r  u_systolic_top/u_systolic_array/gen_rows[0].gen_cols[2].pe_inst/acc1_carry/CO[3]
                         net (fo=1, routed)           0.000     7.543    u_systolic_top/u_skew_b/acc_reg[7]_7[0]
    SLICE_X10Y1          CARRY4 (Prop_carry4_CI_CO[0])
                                                      0.254     7.797 r  u_systolic_top/u_skew_b/acc_reg[4]_i_2__0/CO[0]
                         net (fo=2, routed)           1.161     8.958    u_systolic_top/u_skew_b/acc_reg[4]_i_2__0_n_3
    SLICE_X10Y6          LUT2 (Prop_lut2_I0_O)        0.367     9.325 r  u_systolic_top/u_skew_b/acc[4]_i_3__6/O
                         net (fo=1, routed)           0.000     9.325    u_systolic_top/u_skew_b/acc[4]_i_3__6_n_0
    SLICE_X10Y6          CARRY4 (Prop_carry4_S[0]_CO[3])
                                                      0.513     9.838 r  u_systolic_top/u_skew_b/acc_reg[4]_i_1__6/CO[3]
                         net (fo=1, routed)           0.000     9.838    u_systolic_top/u_systolic_array/gen_rows[0].gen_cols[2].pe_inst/acc_reg[11]_0[0]
    SLICE_X10Y7          CARRY4 (Prop_carry4_CI_CO[3])
                                                      0.117     9.955 r  u_systolic_top/u_systolic_array/gen_rows[0].gen_cols[2].pe_inst/acc_reg[8]_i_1__6/CO[3]
                         net (fo=1, routed)           0.000     9.955    u_systolic_top/u_systolic_array/gen_rows[0].gen_cols[2].pe_inst/acc_reg[8]_i_1__6_n_0
    SLICE_X10Y8          CARRY4 (Prop_carry4_CI_O[2])
                                                      0.239    10.194 r  u_systolic_top/u_systolic_array/gen_rows[0].gen_cols[2].pe_inst/acc_reg[12]_i_1__6/O[2]
                         net (fo=1, routed)           0.000    10.194    u_systolic_top/u_systolic_array/gen_rows[0].gen_cols[2].pe_inst/acc_reg[12]_i_1__6_n_5
    SLICE_X10Y8          FDRE                                         r  u_systolic_top/u_systolic_array/gen_rows[0].gen_cols[2].pe_inst/acc_reg[14]/D
  -------------------------------------------------------------------    -------------------

                         (clock sys_clk_pin rise edge)
                                                     10.000    10.000 r  
    W5                                                0.000    10.000 r  clk (IN)
                         net (fo=0)                   0.000    10.000    clk
    W5                   IBUF (Prop_ibuf_I_O)         1.388    11.388 r  clk_IBUF_inst/O
                         net (fo=1, routed)           1.862    13.250    clk_IBUF
    BUFGCTRL_X0Y0        BUFG (Prop_bufg_I_O)         0.091    13.341 r  clk_IBUF_BUFG_inst/O
                         net (fo=464, routed)         1.450    14.791    u_systolic_top/u_systolic_array/gen_rows[0].gen_cols[2].pe_inst/clk_IBUF_BUFG
    SLICE_X10Y8          FDRE                                         r  u_systolic_top/u_systolic_array/gen_rows[0].gen_cols[2].pe_inst/acc_reg[14]/C
                         clock pessimism              0.260    15.051    
                         clock uncertainty           -0.035    15.016    
    SLICE_X10Y8          FDRE (Setup_fdre_C_D)        0.109    15.125    u_systolic_top/u_systolic_array/gen_rows[0].gen_cols[2].pe_inst/acc_reg[14]
  -------------------------------------------------------------------
                         required time                         15.125    
                         arrival time                         -10.194    
  -------------------------------------------------------------------
                         slack                                  4.931    

Slack (MET) :             4.941ns  (required time - arrival time)
  Source:                 u_systolic_top/u_systolic_array/gen_rows[1].gen_cols[0].pe_inst/b_out_reg[1]/C
                            (rising edge-triggered cell FDRE clocked by sys_clk_pin  {rise@0.000ns fall@5.000ns period=10.000ns})
  Destination:            u_systolic_top/u_systolic_array/gen_rows[2].gen_cols[0].pe_inst/acc_reg[14]/D
                            (rising edge-triggered cell FDRE clocked by sys_clk_pin  {rise@0.000ns fall@5.000ns period=10.000ns})
  Path Group:             sys_clk_pin
  Path Type:              Setup (Max at Slow Process Corner)
  Requirement:            10.000ns  (sys_clk_pin rise@10.000ns - sys_clk_pin rise@0.000ns)
  Data Path Delay:        5.113ns  (logic 2.718ns (53.159%)  route 2.395ns (46.841%))
  Logic Levels:           7  (CARRY4=5 LUT2=1 LUT4=1)
  Clock Path Skew:        0.027ns (DCD - SCD + CPR)
    Destination Clock Delay (DCD):    4.856ns = ( 14.856 - 10.000 ) 
    Source Clock Delay      (SCD):    5.089ns
    Clock Pessimism Removal (CPR):    0.260ns
  Clock Uncertainty:      0.035ns  ((TSJ^2 + TIJ^2)^1/2 + DJ) / 2 + PE
    Total System Jitter     (TSJ):    0.071ns
    Total Input Jitter      (TIJ):    0.000ns
    Discrete Jitter          (DJ):    0.000ns
    Phase Error              (PE):    0.000ns

    Location             Delay type                Incr(ns)  Path(ns)    Netlist Resource(s)
  -------------------------------------------------------------------    -------------------
                         (clock sys_clk_pin rise edge)
                                                      0.000     0.000 r  
    W5                                                0.000     0.000 r  clk (IN)
                         net (fo=0)                   0.000     0.000    clk
    W5                   IBUF (Prop_ibuf_I_O)         1.458     1.458 r  clk_IBUF_inst/O
                         net (fo=1, routed)           1.967     3.425    clk_IBUF
    BUFGCTRL_X0Y0        BUFG (Prop_bufg_I_O)         0.096     3.521 r  clk_IBUF_BUFG_inst/O
                         net (fo=464, routed)         1.568     5.089    u_systolic_top/u_systolic_array/gen_rows[1].gen_cols[0].pe_inst/clk_IBUF_BUFG
    SLICE_X8Y7           FDRE                                         r  u_systolic_top/u_systolic_array/gen_rows[1].gen_cols[0].pe_inst/b_out_reg[1]/C
  -------------------------------------------------------------------    -------------------
    SLICE_X8Y7           FDRE (Prop_fdre_C_Q)         0.478     5.567 r  u_systolic_top/u_systolic_array/gen_rows[1].gen_cols[0].pe_inst/b_out_reg[1]/Q
                         net (fo=8, routed)           1.278     6.845    u_systolic_top/u_systolic_array/gen_rows[1].gen_cols[0].pe_inst/b_out_reg[1]_0[1]
    SLICE_X9Y10          LUT4 (Prop_lut4_I2_O)        0.301     7.146 r  u_systolic_top/u_systolic_array/gen_rows[1].gen_cols[0].pe_inst/acc1_carry_i_6__12/O
                         net (fo=1, routed)           0.000     7.146    u_systolic_top/u_systolic_array/gen_rows[2].gen_cols[0].pe_inst/S[1]
    SLICE_X9Y10          CARRY4 (Prop_carry4_S[1]_CO[3])
                                                      0.550     7.696 r  u_systolic_top/u_systolic_array/gen_rows[2].gen_cols[0].pe_inst/acc1_carry/CO[3]
                         net (fo=1, routed)           0.000     7.696    u_systolic_top/u_systolic_array/gen_rows[2].gen_cols[0].pe_inst/acc1_carry_n_0
    SLICE_X9Y11          CARRY4 (Prop_carry4_CI_CO[1])
                                                      0.157     7.853 r  u_systolic_top/u_systolic_array/gen_rows[2].gen_cols[0].pe_inst/acc1_carry__0/CO[1]
                         net (fo=2, routed)           1.117     8.970    u_systolic_top/u_systolic_array/gen_rows[2].gen_cols[0].pe_inst/acc1_carry__0_n_2
    SLICE_X7Y8           LUT2 (Prop_lut2_I0_O)        0.329     9.299 r  u_systolic_top/u_systolic_array/gen_rows[2].gen_cols[0].pe_inst/acc[4]_i_2__9/O
                         net (fo=1, routed)           0.000     9.299    u_systolic_top/u_systolic_array/gen_rows[2].gen_cols[0].pe_inst/acc[4]_i_2__9_n_0
    SLICE_X7Y8           CARRY4 (Prop_carry4_S[1]_CO[3])
                                                      0.550     9.849 r  u_systolic_top/u_systolic_array/gen_rows[2].gen_cols[0].pe_inst/acc_reg[4]_i_1__12/CO[3]
                         net (fo=1, routed)           0.000     9.849    u_systolic_top/u_systolic_array/gen_rows[2].gen_cols[0].pe_inst/acc_reg[4]_i_1__12_n_0
    SLICE_X7Y9           CARRY4 (Prop_carry4_CI_CO[3])
                                                      0.114     9.963 r  u_systolic_top/u_systolic_array/gen_rows[2].gen_cols[0].pe_inst/acc_reg[8]_i_1__12/CO[3]
                         net (fo=1, routed)           0.000     9.963    u_systolic_top/u_systolic_array/gen_rows[2].gen_cols[0].pe_inst/acc_reg[8]_i_1__12_n_0
    SLICE_X7Y10          CARRY4 (Prop_carry4_CI_O[2])
                                                      0.239    10.202 r  u_systolic_top/u_systolic_array/gen_rows[2].gen_cols[0].pe_inst/acc_reg[12]_i_1__12/O[2]
                         net (fo=1, routed)           0.000    10.202    u_systolic_top/u_systolic_array/gen_rows[2].gen_cols[0].pe_inst/acc_reg[12]_i_1__12_n_5
    SLICE_X7Y10          FDRE                                         r  u_systolic_top/u_systolic_array/gen_rows[2].gen_cols[0].pe_inst/acc_reg[14]/D
  -------------------------------------------------------------------    -------------------

                         (clock sys_clk_pin rise edge)
                                                     10.000    10.000 r  
    W5                                                0.000    10.000 r  clk (IN)
                         net (fo=0)                   0.000    10.000    clk
    W5                   IBUF (Prop_ibuf_I_O)         1.388    11.388 r  clk_IBUF_inst/O
                         net (fo=1, routed)           1.862    13.250    clk_IBUF
    BUFGCTRL_X0Y0        BUFG (Prop_bufg_I_O)         0.091    13.341 r  clk_IBUF_BUFG_inst/O
                         net (fo=464, routed)         1.515    14.856    u_systolic_top/u_systolic_array/gen_rows[2].gen_cols[0].pe_inst/clk_IBUF_BUFG
    SLICE_X7Y10          FDRE                                         r  u_systolic_top/u_systolic_array/gen_rows[2].gen_cols[0].pe_inst/acc_reg[14]/C
                         clock pessimism              0.260    15.116    
                         clock uncertainty           -0.035    15.081    
    SLICE_X7Y10          FDRE (Setup_fdre_C_D)        0.062    15.143    u_systolic_top/u_systolic_array/gen_rows[2].gen_cols[0].pe_inst/acc_reg[14]
  -------------------------------------------------------------------
                         required time                         15.143    
                         arrival time                         -10.202    
  -------------------------------------------------------------------
                         slack                                  4.941    

Slack (MET) :             4.951ns  (required time - arrival time)
  Source:                 u_systolic_top/u_skew_b/data_out_reg[2][1]/C
                            (rising edge-triggered cell FDRE clocked by sys_clk_pin  {rise@0.000ns fall@5.000ns period=10.000ns})
  Destination:            u_systolic_top/u_systolic_array/gen_rows[0].gen_cols[2].pe_inst/acc_reg[12]/D
                            (rising edge-triggered cell FDRE clocked by sys_clk_pin  {rise@0.000ns fall@5.000ns period=10.000ns})
  Path Group:             sys_clk_pin
  Path Type:              Setup (Max at Slow Process Corner)
  Requirement:            10.000ns  (sys_clk_pin rise@10.000ns - sys_clk_pin rise@0.000ns)
  Data Path Delay:        5.017ns  (logic 2.645ns (52.721%)  route 2.372ns (47.279%))
  Logic Levels:           7  (CARRY4=5 LUT2=1 LUT4=1)
  Clock Path Skew:        -0.106ns (DCD - SCD + CPR)
    Destination Clock Delay (DCD):    4.791ns = ( 14.791 - 10.000 ) 
    Source Clock Delay      (SCD):    5.157ns
    Clock Pessimism Removal (CPR):    0.260ns
  Clock Uncertainty:      0.035ns  ((TSJ^2 + TIJ^2)^1/2 + DJ) / 2 + PE
    Total System Jitter     (TSJ):    0.071ns
    Total Input Jitter      (TIJ):    0.000ns
    Discrete Jitter          (DJ):    0.000ns
    Phase Error              (PE):    0.000ns

    Location             Delay type                Incr(ns)  Path(ns)    Netlist Resource(s)
  -------------------------------------------------------------------    -------------------
                         (clock sys_clk_pin rise edge)
                                                      0.000     0.000 r  
    W5                                                0.000     0.000 r  clk (IN)
                         net (fo=0)                   0.000     0.000    clk
    W5                   IBUF (Prop_ibuf_I_O)         1.458     1.458 r  clk_IBUF_inst/O
                         net (fo=1, routed)           1.967     3.425    clk_IBUF
    BUFGCTRL_X0Y0        BUFG (Prop_bufg_I_O)         0.096     3.521 r  clk_IBUF_BUFG_inst/O
                         net (fo=464, routed)         1.636     5.157    u_systolic_top/u_skew_b/clk_IBUF_BUFG
    SLICE_X6Y2           FDRE                                         r  u_systolic_top/u_skew_b/data_out_reg[2][1]/C
  -------------------------------------------------------------------    -------------------
    SLICE_X6Y2           FDRE (Prop_fdre_C_Q)         0.518     5.675 r  u_systolic_top/u_skew_b/data_out_reg[2][1]/Q
                         net (fo=6, routed)           1.211     6.886    u_systolic_top/u_skew_b/data_out_reg[2][1]_1[1]
    SLICE_X10Y0          LUT4 (Prop_lut4_I2_O)        0.124     7.010 r  u_systolic_top/u_skew_b/acc1_carry_i_6__6/O
                         net (fo=1, routed)           0.000     7.010    u_systolic_top/u_systolic_array/gen_rows[0].gen_cols[2].pe_inst/S[1]
    SLICE_X10Y0          CARRY4 (Prop_carry4_S[1]_CO[3])
                                                      0.533     7.543 r  u_systolic_top/u_systolic_array/gen_rows[0].gen_cols[2].pe_inst/acc1_carry/CO[3]
                         net (fo=1, routed)           0.000     7.543    u_systolic_top/u_skew_b/acc_reg[7]_7[0]
    SLICE_X10Y1          CARRY4 (Prop_carry4_CI_CO[0])
                                                      0.254     7.797 r  u_systolic_top/u_skew_b/acc_reg[4]_i_2__0/CO[0]
                         net (fo=2, routed)           1.161     8.958    u_systolic_top/u_skew_b/acc_reg[4]_i_2__0_n_3
    SLICE_X10Y6          LUT2 (Prop_lut2_I0_O)        0.367     9.325 r  u_systolic_top/u_skew_b/acc[4]_i_3__6/O
                         net (fo=1, routed)           0.000     9.325    u_systolic_top/u_skew_b/acc[4]_i_3__6_n_0
    SLICE_X10Y6          CARRY4 (Prop_carry4_S[0]_CO[3])
                                                      0.513     9.838 r  u_systolic_top/u_skew_b/acc_reg[4]_i_1__6/CO[3]
                         net (fo=1, routed)           0.000     9.838    u_systolic_top/u_systolic_array/gen_rows[0].gen_cols[2].pe_inst/acc_reg[11]_0[0]
    SLICE_X10Y7          CARRY4 (Prop_carry4_CI_CO[3])
                                                      0.117     9.955 r  u_systolic_top/u_systolic_array/gen_rows[0].gen_cols[2].pe_inst/acc_reg[8]_i_1__6/CO[3]
                         net (fo=1, routed)           0.000     9.955    u_systolic_top/u_systolic_array/gen_rows[0].gen_cols[2].pe_inst/acc_reg[8]_i_1__6_n_0
    SLICE_X10Y8          CARRY4 (Prop_carry4_CI_O[0])
                                                      0.219    10.174 r  u_systolic_top/u_systolic_array/gen_rows[0].gen_cols[2].pe_inst/acc_reg[12]_i_1__6/O[0]
                         net (fo=1, routed)           0.000    10.174    u_systolic_top/u_systolic_array/gen_rows[0].gen_cols[2].pe_inst/acc_reg[12]_i_1__6_n_7
    SLICE_X10Y8          FDRE                                         r  u_systolic_top/u_systolic_array/gen_rows[0].gen_cols[2].pe_inst/acc_reg[12]/D
  -------------------------------------------------------------------    -------------------

                         (clock sys_clk_pin rise edge)
                                                     10.000    10.000 r  
    W5                                                0.000    10.000 r  clk (IN)
                         net (fo=0)                   0.000    10.000    clk
    W5                   IBUF (Prop_ibuf_I_O)         1.388    11.388 r  clk_IBUF_inst/O
                         net (fo=1, routed)           1.862    13.250    clk_IBUF
    BUFGCTRL_X0Y0        BUFG (Prop_bufg_I_O)         0.091    13.341 r  clk_IBUF_BUFG_inst/O
                         net (fo=464, routed)         1.450    14.791    u_systolic_top/u_systolic_array/gen_rows[0].gen_cols[2].pe_inst/clk_IBUF_BUFG
    SLICE_X10Y8          FDRE                                         r  u_systolic_top/u_systolic_array/gen_rows[0].gen_cols[2].pe_inst/acc_reg[12]/C
                         clock pessimism              0.260    15.051    
                         clock uncertainty           -0.035    15.016    
    SLICE_X10Y8          FDRE (Setup_fdre_C_D)        0.109    15.125    u_systolic_top/u_systolic_array/gen_rows[0].gen_cols[2].pe_inst/acc_reg[12]
  -------------------------------------------------------------------
                         required time                         15.125    
                         arrival time                         -10.174    
  -------------------------------------------------------------------
                         slack                                  4.951    

Slack (MET) :             4.957ns  (required time - arrival time)
  Source:                 u_systolic_top/u_systolic_array/gen_rows[1].gen_cols[0].pe_inst/b_out_reg[1]/C
                            (rising edge-triggered cell FDRE clocked by sys_clk_pin  {rise@0.000ns fall@5.000ns period=10.000ns})
  Destination:            u_systolic_top/u_systolic_array/gen_rows[2].gen_cols[0].pe_inst/acc_reg[12]/D
                            (rising edge-triggered cell FDRE clocked by sys_clk_pin  {rise@0.000ns fall@5.000ns period=10.000ns})
  Path Group:             sys_clk_pin
  Path Type:              Setup (Max at Slow Process Corner)
  Requirement:            10.000ns  (sys_clk_pin rise@10.000ns - sys_clk_pin rise@0.000ns)
  Data Path Delay:        5.097ns  (logic 2.702ns (53.012%)  route 2.395ns (46.988%))
  Logic Levels:           7  (CARRY4=5 LUT2=1 LUT4=1)
  Clock Path Skew:        0.027ns (DCD - SCD + CPR)
    Destination Clock Delay (DCD):    4.856ns = ( 14.856 - 10.000 ) 
    Source Clock Delay      (SCD):    5.089ns
    Clock Pessimism Removal (CPR):    0.260ns
  Clock Uncertainty:      0.035ns  ((TSJ^2 + TIJ^2)^1/2 + DJ) / 2 + PE
    Total System Jitter     (TSJ):    0.071ns
    Total Input Jitter      (TIJ):    0.000ns
    Discrete Jitter          (DJ):    0.000ns
    Phase Error              (PE):    0.000ns

    Location             Delay type                Incr(ns)  Path(ns)    Netlist Resource(s)
  -------------------------------------------------------------------    -------------------
                         (clock sys_clk_pin rise edge)
                                                      0.000     0.000 r  
    W5                                                0.000     0.000 r  clk (IN)
                         net (fo=0)                   0.000     0.000    clk
    W5                   IBUF (Prop_ibuf_I_O)         1.458     1.458 r  clk_IBUF_inst/O
                         net (fo=1, routed)           1.967     3.425    clk_IBUF
    BUFGCTRL_X0Y0        BUFG (Prop_bufg_I_O)         0.096     3.521 r  clk_IBUF_BUFG_inst/O
                         net (fo=464, routed)         1.568     5.089    u_systolic_top/u_systolic_array/gen_rows[1].gen_cols[0].pe_inst/clk_IBUF_BUFG
    SLICE_X8Y7           FDRE                                         r  u_systolic_top/u_systolic_array/gen_rows[1].gen_cols[0].pe_inst/b_out_reg[1]/C
  -------------------------------------------------------------------    -------------------
    SLICE_X8Y7           FDRE (Prop_fdre_C_Q)         0.478     5.567 r  u_systolic_top/u_systolic_array/gen_rows[1].gen_cols[0].pe_inst/b_out_reg[1]/Q
                         net (fo=8, routed)           1.278     6.845    u_systolic_top/u_systolic_array/gen_rows[1].gen_cols[0].pe_inst/b_out_reg[1]_0[1]
    SLICE_X9Y10          LUT4 (Prop_lut4_I2_O)        0.301     7.146 r  u_systolic_top/u_systolic_array/gen_rows[1].gen_cols[0].pe_inst/acc1_carry_i_6__12/O
                         net (fo=1, routed)           0.000     7.146    u_systolic_top/u_systolic_array/gen_rows[2].gen_cols[0].pe_inst/S[1]
    SLICE_X9Y10          CARRY4 (Prop_carry4_S[1]_CO[3])
                                                      0.550     7.696 r  u_systolic_top/u_systolic_array/gen_rows[2].gen_cols[0].pe_inst/acc1_carry/CO[3]
                         net (fo=1, routed)           0.000     7.696    u_systolic_top/u_systolic_array/gen_rows[2].gen_cols[0].pe_inst/acc1_carry_n_0
    SLICE_X9Y11          CARRY4 (Prop_carry4_CI_CO[1])
                                                      0.157     7.853 r  u_systolic_top/u_systolic_array/gen_rows[2].gen_cols[0].pe_inst/acc1_carry__0/CO[1]
                         net (fo=2, routed)           1.117     8.970    u_systolic_top/u_systolic_array/gen_rows[2].gen_cols[0].pe_inst/acc1_carry__0_n_2
    SLICE_X7Y8           LUT2 (Prop_lut2_I0_O)        0.329     9.299 r  u_systolic_top/u_systolic_array/gen_rows[2].gen_cols[0].pe_inst/acc[4]_i_2__9/O
                         net (fo=1, routed)           0.000     9.299    u_systolic_top/u_systolic_array/gen_rows[2].gen_cols[0].pe_inst/acc[4]_i_2__9_n_0
    SLICE_X7Y8           CARRY4 (Prop_carry4_S[1]_CO[3])
                                                      0.550     9.849 r  u_systolic_top/u_systolic_array/gen_rows[2].gen_cols[0].pe_inst/acc_reg[4]_i_1__12/CO[3]
                         net (fo=1, routed)           0.000     9.849    u_systolic_top/u_systolic_array/gen_rows[2].gen_cols[0].pe_inst/acc_reg[4]_i_1__12_n_0
    SLICE_X7Y9           CARRY4 (Prop_carry4_CI_CO[3])
                                                      0.114     9.963 r  u_systolic_top/u_systolic_array/gen_rows[2].gen_cols[0].pe_inst/acc_reg[8]_i_1__12/CO[3]
                         net (fo=1, routed)           0.000     9.963    u_systolic_top/u_systolic_array/gen_rows[2].gen_cols[0].pe_inst/acc_reg[8]_i_1__12_n_0
    SLICE_X7Y10          CARRY4 (Prop_carry4_CI_O[0])
                                                      0.223    10.186 r  u_systolic_top/u_systolic_array/gen_rows[2].gen_cols[0].pe_inst/acc_reg[12]_i_1__12/O[0]
                         net (fo=1, routed)           0.000    10.186    u_systolic_top/u_systolic_array/gen_rows[2].gen_cols[0].pe_inst/acc_reg[12]_i_1__12_n_7
    SLICE_X7Y10          FDRE                                         r  u_systolic_top/u_systolic_array/gen_rows[2].gen_cols[0].pe_inst/acc_reg[12]/D
  -------------------------------------------------------------------    -------------------

                         (clock sys_clk_pin rise edge)
                                                     10.000    10.000 r  
    W5                                                0.000    10.000 r  clk (IN)
                         net (fo=0)                   0.000    10.000    clk
    W5                   IBUF (Prop_ibuf_I_O)         1.388    11.388 r  clk_IBUF_inst/O
                         net (fo=1, routed)           1.862    13.250    clk_IBUF
    BUFGCTRL_X0Y0        BUFG (Prop_bufg_I_O)         0.091    13.341 r  clk_IBUF_BUFG_inst/O
                         net (fo=464, routed)         1.515    14.856    u_systolic_top/u_systolic_array/gen_rows[2].gen_cols[0].pe_inst/clk_IBUF_BUFG
    SLICE_X7Y10          FDRE                                         r  u_systolic_top/u_systolic_array/gen_rows[2].gen_cols[0].pe_inst/acc_reg[12]/C
                         clock pessimism              0.260    15.116    
                         clock uncertainty           -0.035    15.081    
    SLICE_X7Y10          FDRE (Setup_fdre_C_D)        0.062    15.143    u_systolic_top/u_systolic_array/gen_rows[2].gen_cols[0].pe_inst/acc_reg[12]
  -------------------------------------------------------------------
                         required time                         15.143    
                         arrival time                         -10.186    
  -------------------------------------------------------------------
                         slack                                  4.957    

Slack (MET) :             4.960ns  (required time - arrival time)
  Source:                 u_systolic_top/u_systolic_array/gen_rows[1].gen_cols[0].pe_inst/b_out_reg[1]/C
                            (rising edge-triggered cell FDRE clocked by sys_clk_pin  {rise@0.000ns fall@5.000ns period=10.000ns})
  Destination:            u_systolic_top/u_systolic_array/gen_rows[2].gen_cols[0].pe_inst/acc_reg[9]/D
                            (rising edge-triggered cell FDRE clocked by sys_clk_pin  {rise@0.000ns fall@5.000ns period=10.000ns})
  Path Group:             sys_clk_pin
  Path Type:              Setup (Max at Slow Process Corner)
  Requirement:            10.000ns  (sys_clk_pin rise@10.000ns - sys_clk_pin rise@0.000ns)
  Data Path Delay:        5.094ns  (logic 2.699ns (52.984%)  route 2.395ns (47.016%))
  Logic Levels:           6  (CARRY4=4 LUT2=1 LUT4=1)
  Clock Path Skew:        0.027ns (DCD - SCD + CPR)
    Destination Clock Delay (DCD):    4.856ns = ( 14.856 - 10.000 ) 
    Source Clock Delay      (SCD):    5.089ns
    Clock Pessimism Removal (CPR):    0.260ns
  Clock Uncertainty:      0.035ns  ((TSJ^2 + TIJ^2)^1/2 + DJ) / 2 + PE
    Total System Jitter     (TSJ):    0.071ns
    Total Input Jitter      (TIJ):    0.000ns
    Discrete Jitter          (DJ):    0.000ns
    Phase Error              (PE):    0.000ns

    Location             Delay type                Incr(ns)  Path(ns)    Netlist Resource(s)
  -------------------------------------------------------------------    -------------------
                         (clock sys_clk_pin rise edge)
                                                      0.000     0.000 r  
    W5                                                0.000     0.000 r  clk (IN)
                         net (fo=0)                   0.000     0.000    clk
    W5                   IBUF (Prop_ibuf_I_O)         1.458     1.458 r  clk_IBUF_inst/O
                         net (fo=1, routed)           1.967     3.425    clk_IBUF
    BUFGCTRL_X0Y0        BUFG (Prop_bufg_I_O)         0.096     3.521 r  clk_IBUF_BUFG_inst/O
                         net (fo=464, routed)         1.568     5.089    u_systolic_top/u_systolic_array/gen_rows[1].gen_cols[0].pe_inst/clk_IBUF_BUFG
    SLICE_X8Y7           FDRE                                         r  u_systolic_top/u_systolic_array/gen_rows[1].gen_cols[0].pe_inst/b_out_reg[1]/C
  -------------------------------------------------------------------    -------------------
    SLICE_X8Y7           FDRE (Prop_fdre_C_Q)         0.478     5.567 r  u_systolic_top/u_systolic_array/gen_rows[1].gen_cols[0].pe_inst/b_out_reg[1]/Q
                         net (fo=8, routed)           1.278     6.845    u_systolic_top/u_systolic_array/gen_rows[1].gen_cols[0].pe_inst/b_out_reg[1]_0[1]
    SLICE_X9Y10          LUT4 (Prop_lut4_I2_O)        0.301     7.146 r  u_systolic_top/u_systolic_array/gen_rows[1].gen_cols[0].pe_inst/acc1_carry_i_6__12/O
                         net (fo=1, routed)           0.000     7.146    u_systolic_top/u_systolic_array/gen_rows[2].gen_cols[0].pe_inst/S[1]
    SLICE_X9Y10          CARRY4 (Prop_carry4_S[1]_CO[3])
                                                      0.550     7.696 r  u_systolic_top/u_systolic_array/gen_rows[2].gen_cols[0].pe_inst/acc1_carry/CO[3]
                         net (fo=1, routed)           0.000     7.696    u_systolic_top/u_systolic_array/gen_rows[2].gen_cols[0].pe_inst/acc1_carry_n_0
    SLICE_X9Y11          CARRY4 (Prop_carry4_CI_CO[1])
                                                      0.157     7.853 r  u_systolic_top/u_systolic_array/gen_rows[2].gen_cols[0].pe_inst/acc1_carry__0/CO[1]
                         net (fo=2, routed)           1.117     8.970    u_systolic_top/u_systolic_array/gen_rows[2].gen_cols[0].pe_inst/acc1_carry__0_n_2
    SLICE_X7Y8           LUT2 (Prop_lut2_I0_O)        0.329     9.299 r  u_systolic_top/u_systolic_array/gen_rows[2].gen_cols[0].pe_inst/acc[4]_i_2__9/O
                         net (fo=1, routed)           0.000     9.299    u_systolic_top/u_systolic_array/gen_rows[2].gen_cols[0].pe_inst/acc[4]_i_2__9_n_0
    SLICE_X7Y8           CARRY4 (Prop_carry4_S[1]_CO[3])
                                                      0.550     9.849 r  u_systolic_top/u_systolic_array/gen_rows[2].gen_cols[0].pe_inst/acc_reg[4]_i_1__12/CO[3]
                         net (fo=1, routed)           0.000     9.849    u_systolic_top/u_systolic_array/gen_rows[2].gen_cols[0].pe_inst/acc_reg[4]_i_1__12_n_0
    SLICE_X7Y9           CARRY4 (Prop_carry4_CI_O[1])
                                                      0.334    10.183 r  u_systolic_top/u_systolic_array/gen_rows[2].gen_cols[0].pe_inst/acc_reg[8]_i_1__12/O[1]
                         net (fo=1, routed)           0.000    10.183    u_systolic_top/u_systolic_array/gen_rows[2].gen_cols[0].pe_inst/acc_reg[8]_i_1__12_n_6
    SLICE_X7Y9           FDRE                                         r  u_systolic_top/u_systolic_array/gen_rows[2].gen_cols[0].pe_inst/acc_reg[9]/D
  -------------------------------------------------------------------    -------------------

                         (clock sys_clk_pin rise edge)
                                                     10.000    10.000 r  
    W5                                                0.000    10.000 r  clk (IN)
                         net (fo=0)                   0.000    10.000    clk
    W5                   IBUF (Prop_ibuf_I_O)         1.388    11.388 r  clk_IBUF_inst/O
                         net (fo=1, routed)           1.862    13.250    clk_IBUF
    BUFGCTRL_X0Y0        BUFG (Prop_bufg_I_O)         0.091    13.341 r  clk_IBUF_BUFG_inst/O
                         net (fo=464, routed)         1.515    14.856    u_systolic_top/u_systolic_array/gen_rows[2].gen_cols[0].pe_inst/clk_IBUF_BUFG
    SLICE_X7Y9           FDRE                                         r  u_systolic_top/u_systolic_array/gen_rows[2].gen_cols[0].pe_inst/acc_reg[9]/C
                         clock pessimism              0.260    15.116    
                         clock uncertainty           -0.035    15.081    
    SLICE_X7Y9           FDRE (Setup_fdre_C_D)        0.062    15.143    u_systolic_top/u_systolic_array/gen_rows[2].gen_cols[0].pe_inst/acc_reg[9]
  -------------------------------------------------------------------
                         required time                         15.143    
                         arrival time                         -10.183    
  -------------------------------------------------------------------
                         slack                                  4.960    

Slack (MET) :             4.964ns  (required time - arrival time)
  Source:                 u_systolic_top/u_skew_b/data_out_reg[2][1]/C
                            (rising edge-triggered cell FDRE clocked by sys_clk_pin  {rise@0.000ns fall@5.000ns period=10.000ns})
  Destination:            u_systolic_top/u_systolic_array/gen_rows[0].gen_cols[2].pe_inst/acc_reg[9]/D
                            (rising edge-triggered cell FDRE clocked by sys_clk_pin  {rise@0.000ns fall@5.000ns period=10.000ns})
  Path Group:             sys_clk_pin
  Path Type:              Setup (Max at Slow Process Corner)
  Requirement:            10.000ns  (sys_clk_pin rise@10.000ns - sys_clk_pin rise@0.000ns)
  Data Path Delay:        5.004ns  (logic 2.632ns (52.598%)  route 2.372ns (47.402%))
  Logic Levels:           6  (CARRY4=4 LUT2=1 LUT4=1)
  Clock Path Skew:        -0.106ns (DCD - SCD + CPR)
    Destination Clock Delay (DCD):    4.791ns = ( 14.791 - 10.000 ) 
    Source Clock Delay      (SCD):    5.157ns
    Clock Pessimism Removal (CPR):    0.260ns
  Clock Uncertainty:      0.035ns  ((TSJ^2 + TIJ^2)^1/2 + DJ) / 2 + PE
    Total System Jitter     (TSJ):    0.071ns
    Total Input Jitter      (TIJ):    0.000ns
    Discrete Jitter          (DJ):    0.000ns
    Phase Error              (PE):    0.000ns

    Location             Delay type                Incr(ns)  Path(ns)    Netlist Resource(s)
  -------------------------------------------------------------------    -------------------
                         (clock sys_clk_pin rise edge)
                                                      0.000     0.000 r  
    W5                                                0.000     0.000 r  clk (IN)
                         net (fo=0)                   0.000     0.000    clk
    W5                   IBUF (Prop_ibuf_I_O)         1.458     1.458 r  clk_IBUF_inst/O
                         net (fo=1, routed)           1.967     3.425    clk_IBUF
    BUFGCTRL_X0Y0        BUFG (Prop_bufg_I_O)         0.096     3.521 r  clk_IBUF_BUFG_inst/O
                         net (fo=464, routed)         1.636     5.157    u_systolic_top/u_skew_b/clk_IBUF_BUFG
    SLICE_X6Y2           FDRE                                         r  u_systolic_top/u_skew_b/data_out_reg[2][1]/C
  -------------------------------------------------------------------    -------------------
    SLICE_X6Y2           FDRE (Prop_fdre_C_Q)         0.518     5.675 r  u_systolic_top/u_skew_b/data_out_reg[2][1]/Q
                         net (fo=6, routed)           1.211     6.886    u_systolic_top/u_skew_b/data_out_reg[2][1]_1[1]
    SLICE_X10Y0          LUT4 (Prop_lut4_I2_O)        0.124     7.010 r  u_systolic_top/u_skew_b/acc1_carry_i_6__6/O
                         net (fo=1, routed)           0.000     7.010    u_systolic_top/u_systolic_array/gen_rows[0].gen_cols[2].pe_inst/S[1]
    SLICE_X10Y0          CARRY4 (Prop_carry4_S[1]_CO[3])
                                                      0.533     7.543 r  u_systolic_top/u_systolic_array/gen_rows[0].gen_cols[2].pe_inst/acc1_carry/CO[3]
                         net (fo=1, routed)           0.000     7.543    u_systolic_top/u_skew_b/acc_reg[7]_7[0]
    SLICE_X10Y1          CARRY4 (Prop_carry4_CI_CO[0])
                                                      0.254     7.797 r  u_systolic_top/u_skew_b/acc_reg[4]_i_2__0/CO[0]
                         net (fo=2, routed)           1.161     8.958    u_systolic_top/u_skew_b/acc_reg[4]_i_2__0_n_3
    SLICE_X10Y6          LUT2 (Prop_lut2_I0_O)        0.367     9.325 r  u_systolic_top/u_skew_b/acc[4]_i_3__6/O
                         net (fo=1, routed)           0.000     9.325    u_systolic_top/u_skew_b/acc[4]_i_3__6_n_0
    SLICE_X10Y6          CARRY4 (Prop_carry4_S[0]_CO[3])
                                                      0.513     9.838 r  u_systolic_top/u_skew_b/acc_reg[4]_i_1__6/CO[3]
                         net (fo=1, routed)           0.000     9.838    u_systolic_top/u_systolic_array/gen_rows[0].gen_cols[2].pe_inst/acc_reg[11]_0[0]
    SLICE_X10Y7          CARRY4 (Prop_carry4_CI_O[1])
                                                      0.323    10.161 r  u_systolic_top/u_systolic_array/gen_rows[0].gen_cols[2].pe_inst/acc_reg[8]_i_1__6/O[1]
                         net (fo=1, routed)           0.000    10.161    u_systolic_top/u_systolic_array/gen_rows[0].gen_cols[2].pe_inst/acc_reg[8]_i_1__6_n_6
    SLICE_X10Y7          FDRE                                         r  u_systolic_top/u_systolic_array/gen_rows[0].gen_cols[2].pe_inst/acc_reg[9]/D
  -------------------------------------------------------------------    -------------------

                         (clock sys_clk_pin rise edge)
                                                     10.000    10.000 r  
    W5                                                0.000    10.000 r  clk (IN)
                         net (fo=0)                   0.000    10.000    clk
    W5                   IBUF (Prop_ibuf_I_O)         1.388    11.388 r  clk_IBUF_inst/O
                         net (fo=1, routed)           1.862    13.250    clk_IBUF
    BUFGCTRL_X0Y0        BUFG (Prop_bufg_I_O)         0.091    13.341 r  clk_IBUF_BUFG_inst/O
                         net (fo=464, routed)         1.450    14.791    u_systolic_top/u_systolic_array/gen_rows[0].gen_cols[2].pe_inst/clk_IBUF_BUFG
    SLICE_X10Y7          FDRE                                         r  u_systolic_top/u_systolic_array/gen_rows[0].gen_cols[2].pe_inst/acc_reg[9]/C
                         clock pessimism              0.260    15.051    
                         clock uncertainty           -0.035    15.016    
    SLICE_X10Y7          FDRE (Setup_fdre_C_D)        0.109    15.125    u_systolic_top/u_systolic_array/gen_rows[0].gen_cols[2].pe_inst/acc_reg[9]
  -------------------------------------------------------------------
                         required time                         15.125    
                         arrival time                         -10.161    
  -------------------------------------------------------------------
                         slack                                  4.964    





Min Delay Paths
--------------------------------------------------------------------------------------
Slack (MET) :             0.144ns  (arrival time - required time)
  Source:                 u_systolic_top/u_skew_a/shift_reg_reg[1][2][2]/C
                            (rising edge-triggered cell FDRE clocked by sys_clk_pin  {rise@0.000ns fall@5.000ns period=10.000ns})
  Destination:            u_systolic_top/u_skew_a/shift_reg_reg[1][1][2]/D
                            (rising edge-triggered cell FDRE clocked by sys_clk_pin  {rise@0.000ns fall@5.000ns period=10.000ns})
  Path Group:             sys_clk_pin
  Path Type:              Hold (Min at Fast Process Corner)
  Requirement:            0.000ns  (sys_clk_pin rise@0.000ns - sys_clk_pin rise@0.000ns)
  Data Path Delay:        0.288ns  (logic 0.189ns (65.556%)  route 0.099ns (34.444%))
  Logic Levels:           1  (LUT3=1)
  Clock Path Skew:        0.013ns (DCD - SCD - CPR)
    Destination Clock Delay (DCD):    1.993ns
    Source Clock Delay      (SCD):    1.478ns
    Clock Pessimism Removal (CPR):    0.502ns

    Location             Delay type                Incr(ns)  Path(ns)    Netlist Resource(s)
  -------------------------------------------------------------------    -------------------
                         (clock sys_clk_pin rise edge)
                                                      0.000     0.000 r  
    W5                                                0.000     0.000 r  clk (IN)
                         net (fo=0)                   0.000     0.000    clk
    W5                   IBUF (Prop_ibuf_I_O)         0.226     0.226 r  clk_IBUF_inst/O
                         net (fo=1, routed)           0.631     0.858    clk_IBUF
    BUFGCTRL_X0Y0        BUFG (Prop_bufg_I_O)         0.026     0.884 r  clk_IBUF_BUFG_inst/O
                         net (fo=464, routed)         0.595     1.478    u_systolic_top/u_skew_a/clk_IBUF_BUFG
    SLICE_X3Y6           FDRE                                         r  u_systolic_top/u_skew_a/shift_reg_reg[1][2][2]/C
  -------------------------------------------------------------------    -------------------
    SLICE_X3Y6           FDRE (Prop_fdre_C_Q)         0.141     1.619 r  u_systolic_top/u_skew_a/shift_reg_reg[1][2][2]/Q
                         net (fo=2, routed)           0.099     1.718    u_systolic_top/u_controller/shift_reg_reg[1][2][1]
    SLICE_X2Y6           LUT3 (Prop_lut3_I2_O)        0.048     1.766 r  u_systolic_top/u_controller/shift_reg[1][1][2]_i_1/O
                         net (fo=1, routed)           0.000     1.766    u_systolic_top/u_skew_a/shift_reg_reg[1][1][2]_0
    SLICE_X2Y6           FDRE                                         r  u_systolic_top/u_skew_a/shift_reg_reg[1][1][2]/D
  -------------------------------------------------------------------    -------------------

                         (clock sys_clk_pin rise edge)
                                                      0.000     0.000 r  
    W5                                                0.000     0.000 r  clk (IN)
                         net (fo=0)                   0.000     0.000    clk
    W5                   IBUF (Prop_ibuf_I_O)         0.414     0.414 r  clk_IBUF_inst/O
                         net (fo=1, routed)           0.685     1.099    clk_IBUF
    BUFGCTRL_X0Y0        BUFG (Prop_bufg_I_O)         0.029     1.128 r  clk_IBUF_BUFG_inst/O
                         net (fo=464, routed)         0.866     1.993    u_systolic_top/u_skew_a/clk_IBUF_BUFG
    SLICE_X2Y6           FDRE                                         r  u_systolic_top/u_skew_a/shift_reg_reg[1][1][2]/C
                         clock pessimism             -0.502     1.491    
    SLICE_X2Y6           FDRE (Hold_fdre_C_D)         0.131     1.622    u_systolic_top/u_skew_a/shift_reg_reg[1][1][2]
  -------------------------------------------------------------------
                         required time                         -1.622    
                         arrival time                           1.766    
  -------------------------------------------------------------------
                         slack                                  0.144    

Slack (MET) :             0.149ns  (arrival time - required time)
  Source:                 u_systolic_top/u_skew_a/shift_reg_reg[3][3][1]/C
                            (rising edge-triggered cell FDRE clocked by sys_clk_pin  {rise@0.000ns fall@5.000ns period=10.000ns})
  Destination:            u_systolic_top/u_skew_a/shift_reg_reg[3][1][1]_srl2___u_systolic_top_u_skew_b_shift_reg_reg_r_0/D
                            (rising edge-triggered cell SRL16E clocked by sys_clk_pin  {rise@0.000ns fall@5.000ns period=10.000ns})
  Path Group:             sys_clk_pin
  Path Type:              Hold (Min at Fast Process Corner)
  Requirement:            0.000ns  (sys_clk_pin rise@0.000ns - sys_clk_pin rise@0.000ns)
  Data Path Delay:        0.248ns  (logic 0.128ns (51.686%)  route 0.120ns (48.314%))
  Logic Levels:           0  
  Clock Path Skew:        0.035ns (DCD - SCD - CPR)
    Destination Clock Delay (DCD):    1.991ns
    Source Clock Delay      (SCD):    1.478ns
    Clock Pessimism Removal (CPR):    0.478ns

    Location             Delay type                Incr(ns)  Path(ns)    Netlist Resource(s)
  -------------------------------------------------------------------    -------------------
                         (clock sys_clk_pin rise edge)
                                                      0.000     0.000 r  
    W5                                                0.000     0.000 r  clk (IN)
                         net (fo=0)                   0.000     0.000    clk
    W5                   IBUF (Prop_ibuf_I_O)         0.226     0.226 r  clk_IBUF_inst/O
                         net (fo=1, routed)           0.631     0.858    clk_IBUF
    BUFGCTRL_X0Y0        BUFG (Prop_bufg_I_O)         0.026     0.884 r  clk_IBUF_BUFG_inst/O
                         net (fo=464, routed)         0.595     1.478    u_systolic_top/u_skew_a/clk_IBUF_BUFG
    SLICE_X3Y6           FDRE                                         r  u_systolic_top/u_skew_a/shift_reg_reg[3][3][1]/C
  -------------------------------------------------------------------    -------------------
    SLICE_X3Y6           FDRE (Prop_fdre_C_Q)         0.128     1.606 r  u_systolic_top/u_skew_a/shift_reg_reg[3][3][1]/Q
                         net (fo=1, routed)           0.120     1.726    u_systolic_top/u_skew_a/shift_reg_reg[3][3][1]
    SLICE_X6Y6           SRL16E                                       r  u_systolic_top/u_skew_a/shift_reg_reg[3][1][1]_srl2___u_systolic_top_u_skew_b_shift_reg_reg_r_0/D
  -------------------------------------------------------------------    -------------------

                         (clock sys_clk_pin rise edge)
                                                      0.000     0.000 r  
    W5                                                0.000     0.000 r  clk (IN)
                         net (fo=0)                   0.000     0.000    clk
    W5                   IBUF (Prop_ibuf_I_O)         0.414     0.414 r  clk_IBUF_inst/O
                         net (fo=1, routed)           0.685     1.099    clk_IBUF
    BUFGCTRL_X0Y0        BUFG (Prop_bufg_I_O)         0.029     1.128 r  clk_IBUF_BUFG_inst/O
                         net (fo=464, routed)         0.864     1.991    u_systolic_top/u_skew_a/clk_IBUF_BUFG
    SLICE_X6Y6           SRL16E                                       r  u_systolic_top/u_skew_a/shift_reg_reg[3][1][1]_srl2___u_systolic_top_u_skew_b_shift_reg_reg_r_0/CLK
                         clock pessimism             -0.478     1.513    
    SLICE_X6Y6           SRL16E (Hold_srl16e_CLK_D)
                                                      0.064     1.577    u_systolic_top/u_skew_a/shift_reg_reg[3][1][1]_srl2___u_systolic_top_u_skew_b_shift_reg_reg_r_0
  -------------------------------------------------------------------
                         required time                         -1.577    
                         arrival time                           1.726    
  -------------------------------------------------------------------
                         slack                                  0.149    

Slack (MET) :             0.151ns  (arrival time - required time)
  Source:                 u_systolic_top/u_skew_b/shift_reg_reg[0][0][0]/C
                            (rising edge-triggered cell FDRE clocked by sys_clk_pin  {rise@0.000ns fall@5.000ns period=10.000ns})
  Destination:            u_systolic_top/u_skew_b/data_out_reg[0][0]/D
                            (rising edge-triggered cell FDRE clocked by sys_clk_pin  {rise@0.000ns fall@5.000ns period=10.000ns})
  Path Group:             sys_clk_pin
  Path Type:              Hold (Min at Fast Process Corner)
  Requirement:            0.000ns  (sys_clk_pin rise@0.000ns - sys_clk_pin rise@0.000ns)
  Data Path Delay:        0.258ns  (logic 0.141ns (54.706%)  route 0.117ns (45.294%))
  Logic Levels:           0  
  Clock Path Skew:        0.035ns (DCD - SCD - CPR)
    Destination Clock Delay (DCD):    1.991ns
    Source Clock Delay      (SCD):    1.478ns
    Clock Pessimism Removal (CPR):    0.478ns

    Location             Delay type                Incr(ns)  Path(ns)    Netlist Resource(s)
  -------------------------------------------------------------------    -------------------
                         (clock sys_clk_pin rise edge)
                                                      0.000     0.000 r  
    W5                                                0.000     0.000 r  clk (IN)
                         net (fo=0)                   0.000     0.000    clk
    W5                   IBUF (Prop_ibuf_I_O)         0.226     0.226 r  clk_IBUF_inst/O
                         net (fo=1, routed)           0.631     0.858    clk_IBUF
    BUFGCTRL_X0Y0        BUFG (Prop_bufg_I_O)         0.026     0.884 r  clk_IBUF_BUFG_inst/O
                         net (fo=464, routed)         0.595     1.478    u_systolic_top/u_skew_b/clk_IBUF_BUFG
    SLICE_X3Y5           FDRE                                         r  u_systolic_top/u_skew_b/shift_reg_reg[0][0][0]/C
  -------------------------------------------------------------------    -------------------
    SLICE_X3Y5           FDRE (Prop_fdre_C_Q)         0.141     1.619 r  u_systolic_top/u_skew_b/shift_reg_reg[0][0][0]/Q
                         net (fo=1, routed)           0.117     1.736    u_systolic_top/u_skew_b/shift_reg_reg_n_0_[0][0][0]
    SLICE_X5Y5           FDRE                                         r  u_systolic_top/u_skew_b/data_out_reg[0][0]/D
  -------------------------------------------------------------------    -------------------

                         (clock sys_clk_pin rise edge)
                                                      0.000     0.000 r  
    W5                                                0.000     0.000 r  clk (IN)
                         net (fo=0)                   0.000     0.000    clk
    W5                   IBUF (Prop_ibuf_I_O)         0.414     0.414 r  clk_IBUF_inst/O
                         net (fo=1, routed)           0.685     1.099    clk_IBUF
    BUFGCTRL_X0Y0        BUFG (Prop_bufg_I_O)         0.029     1.128 r  clk_IBUF_BUFG_inst/O
                         net (fo=464, routed)         0.864     1.991    u_systolic_top/u_skew_b/clk_IBUF_BUFG
    SLICE_X5Y5           FDRE                                         r  u_systolic_top/u_skew_b/data_out_reg[0][0]/C
                         clock pessimism             -0.478     1.513    
    SLICE_X5Y5           FDRE (Hold_fdre_C_D)         0.072     1.585    u_systolic_top/u_skew_b/data_out_reg[0][0]
  -------------------------------------------------------------------
                         required time                         -1.585    
                         arrival time                           1.736    
  -------------------------------------------------------------------
                         slack                                  0.151    

Slack (MET) :             0.151ns  (arrival time - required time)
  Source:                 u_systolic_top/u_skew_b/shift_reg_reg[2][1][0]/C
                            (rising edge-triggered cell FDRE clocked by sys_clk_pin  {rise@0.000ns fall@5.000ns period=10.000ns})
  Destination:            u_systolic_top/u_skew_b/shift_reg_reg[2][0][0]/D
                            (rising edge-triggered cell FDRE clocked by sys_clk_pin  {rise@0.000ns fall@5.000ns period=10.000ns})
  Path Group:             sys_clk_pin
  Path Type:              Hold (Min at Fast Process Corner)
  Requirement:            0.000ns  (sys_clk_pin rise@0.000ns - sys_clk_pin rise@0.000ns)
  Data Path Delay:        0.258ns  (logic 0.141ns (54.706%)  route 0.117ns (45.294%))
  Logic Levels:           0  
  Clock Path Skew:        0.035ns (DCD - SCD - CPR)
    Destination Clock Delay (DCD):    1.992ns
    Source Clock Delay      (SCD):    1.479ns
    Clock Pessimism Removal (CPR):    0.478ns

    Location             Delay type                Incr(ns)  Path(ns)    Netlist Resource(s)
  -------------------------------------------------------------------    -------------------
                         (clock sys_clk_pin rise edge)
                                                      0.000     0.000 r  
    W5                                                0.000     0.000 r  clk (IN)
                         net (fo=0)                   0.000     0.000    clk
    W5                   IBUF (Prop_ibuf_I_O)         0.226     0.226 r  clk_IBUF_inst/O
                         net (fo=1, routed)           0.631     0.858    clk_IBUF
    BUFGCTRL_X0Y0        BUFG (Prop_bufg_I_O)         0.026     0.884 r  clk_IBUF_BUFG_inst/O
                         net (fo=464, routed)         0.596     1.479    u_systolic_top/u_skew_b/clk_IBUF_BUFG
    SLICE_X3Y1           FDRE                                         r  u_systolic_top/u_skew_b/shift_reg_reg[2][1][0]/C
  -------------------------------------------------------------------    -------------------
    SLICE_X3Y1           FDRE (Prop_fdre_C_Q)         0.141     1.620 r  u_systolic_top/u_skew_b/shift_reg_reg[2][1][0]/Q
                         net (fo=1, routed)           0.117     1.737    u_systolic_top/u_skew_b/shift_reg_reg_n_0_[2][1][0]
    SLICE_X5Y1           FDRE                                         r  u_systolic_top/u_skew_b/shift_reg_reg[2][0][0]/D
  -------------------------------------------------------------------    -------------------

                         (clock sys_clk_pin rise edge)
                                                      0.000     0.000 r  
    W5                                                0.000     0.000 r  clk (IN)
                         net (fo=0)                   0.000     0.000    clk
    W5                   IBUF (Prop_ibuf_I_O)         0.414     0.414 r  clk_IBUF_inst/O
                         net (fo=1, routed)           0.685     1.099    clk_IBUF
    BUFGCTRL_X0Y0        BUFG (Prop_bufg_I_O)         0.029     1.128 r  clk_IBUF_BUFG_inst/O
                         net (fo=464, routed)         0.865     1.992    u_systolic_top/u_skew_b/clk_IBUF_BUFG
    SLICE_X5Y1           FDRE                                         r  u_systolic_top/u_skew_b/shift_reg_reg[2][0][0]/C
                         clock pessimism             -0.478     1.514    
    SLICE_X5Y1           FDRE (Hold_fdre_C_D)         0.072     1.586    u_systolic_top/u_skew_b/shift_reg_reg[2][0][0]
  -------------------------------------------------------------------
                         required time                         -1.586    
                         arrival time                           1.737    
  -------------------------------------------------------------------
                         slack                                  0.151    

Slack (MET) :             0.157ns  (arrival time - required time)
  Source:                 u_systolic_top/u_skew_a/shift_reg_reg[0][0][2]/C
                            (rising edge-triggered cell FDRE clocked by sys_clk_pin  {rise@0.000ns fall@5.000ns period=10.000ns})
  Destination:            u_systolic_top/u_skew_a/data_out_reg[0][2]/D
                            (rising edge-triggered cell FDRE clocked by sys_clk_pin  {rise@0.000ns fall@5.000ns period=10.000ns})
  Path Group:             sys_clk_pin
  Path Type:              Hold (Min at Fast Process Corner)
  Requirement:            0.000ns  (sys_clk_pin rise@0.000ns - sys_clk_pin rise@0.000ns)
  Data Path Delay:        0.258ns  (logic 0.141ns (54.706%)  route 0.117ns (45.294%))
  Logic Levels:           0  
  Clock Path Skew:        0.035ns (DCD - SCD - CPR)
    Destination Clock Delay (DCD):    1.991ns
    Source Clock Delay      (SCD):    1.478ns
    Clock Pessimism Removal (CPR):    0.478ns

    Location             Delay type                Incr(ns)  Path(ns)    Netlist Resource(s)
  -------------------------------------------------------------------    -------------------
                         (clock sys_clk_pin rise edge)
                                                      0.000     0.000 r  
    W5                                                0.000     0.000 r  clk (IN)
                         net (fo=0)                   0.000     0.000    clk
    W5                   IBUF (Prop_ibuf_I_O)         0.226     0.226 r  clk_IBUF_inst/O
                         net (fo=1, routed)           0.631     0.858    clk_IBUF
    BUFGCTRL_X0Y0        BUFG (Prop_bufg_I_O)         0.026     0.884 r  clk_IBUF_BUFG_inst/O
                         net (fo=464, routed)         0.595     1.478    u_systolic_top/u_skew_a/clk_IBUF_BUFG
    SLICE_X3Y5           FDRE                                         r  u_systolic_top/u_skew_a/shift_reg_reg[0][0][2]/C
  -------------------------------------------------------------------    -------------------
    SLICE_X3Y5           FDRE (Prop_fdre_C_Q)         0.141     1.619 r  u_systolic_top/u_skew_a/shift_reg_reg[0][0][2]/Q
                         net (fo=1, routed)           0.117     1.736    u_systolic_top/u_skew_a/shift_reg_reg[0][0][2]
    SLICE_X5Y5           FDRE                                         r  u_systolic_top/u_skew_a/data_out_reg[0][2]/D
  -------------------------------------------------------------------    -------------------

                         (clock sys_clk_pin rise edge)
                                                      0.000     0.000 r  
    W5                                                0.000     0.000 r  clk (IN)
                         net (fo=0)                   0.000     0.000    clk
    W5                   IBUF (Prop_ibuf_I_O)         0.414     0.414 r  clk_IBUF_inst/O
                         net (fo=1, routed)           0.685     1.099    clk_IBUF
    BUFGCTRL_X0Y0        BUFG (Prop_bufg_I_O)         0.029     1.128 r  clk_IBUF_BUFG_inst/O
                         net (fo=464, routed)         0.864     1.991    u_systolic_top/u_skew_a/clk_IBUF_BUFG
    SLICE_X5Y5           FDRE                                         r  u_systolic_top/u_skew_a/data_out_reg[0][2]/C
                         clock pessimism             -0.478     1.513    
    SLICE_X5Y5           FDRE (Hold_fdre_C_D)         0.066     1.579    u_systolic_top/u_skew_a/data_out_reg[0][2]
  -------------------------------------------------------------------
                         required time                         -1.579    
                         arrival time                           1.736    
  -------------------------------------------------------------------
                         slack                                  0.157    

Slack (MET) :             0.160ns  (arrival time - required time)
  Source:                 u_systolic_top/u_skew_a/shift_reg_reg[2][0][1]/C
                            (rising edge-triggered cell FDRE clocked by sys_clk_pin  {rise@0.000ns fall@5.000ns period=10.000ns})
  Destination:            u_systolic_top/u_skew_a/data_out_reg[2][1]/D
                            (rising edge-triggered cell FDRE clocked by sys_clk_pin  {rise@0.000ns fall@5.000ns period=10.000ns})
  Path Group:             sys_clk_pin
  Path Type:              Hold (Min at Fast Process Corner)
  Requirement:            0.000ns  (sys_clk_pin rise@0.000ns - sys_clk_pin rise@0.000ns)
  Data Path Delay:        0.228ns  (logic 0.141ns (61.929%)  route 0.087ns (38.071%))
  Logic Levels:           0  
  Clock Path Skew:        0.013ns (DCD - SCD - CPR)
    Destination Clock Delay (DCD):    1.991ns
    Source Clock Delay      (SCD):    1.476ns
    Clock Pessimism Removal (CPR):    0.502ns

    Location             Delay type                Incr(ns)  Path(ns)    Netlist Resource(s)
  -------------------------------------------------------------------    -------------------
                         (clock sys_clk_pin rise edge)
                                                      0.000     0.000 r  
    W5                                                0.000     0.000 r  clk (IN)
                         net (fo=0)                   0.000     0.000    clk
    W5                   IBUF (Prop_ibuf_I_O)         0.226     0.226 r  clk_IBUF_inst/O
                         net (fo=1, routed)           0.631     0.858    clk_IBUF
    BUFGCTRL_X0Y0        BUFG (Prop_bufg_I_O)         0.026     0.884 r  clk_IBUF_BUFG_inst/O
                         net (fo=464, routed)         0.593     1.476    u_systolic_top/u_skew_a/clk_IBUF_BUFG
    SLICE_X4Y6           FDRE                                         r  u_systolic_top/u_skew_a/shift_reg_reg[2][0][1]/C
  -------------------------------------------------------------------    -------------------
    SLICE_X4Y6           FDRE (Prop_fdre_C_Q)         0.141     1.617 r  u_systolic_top/u_skew_a/shift_reg_reg[2][0][1]/Q
                         net (fo=1, routed)           0.087     1.704    u_systolic_top/u_skew_a/shift_reg_reg[2][0][1]
    SLICE_X5Y6           FDRE                                         r  u_systolic_top/u_skew_a/data_out_reg[2][1]/D
  -------------------------------------------------------------------    -------------------

                         (clock sys_clk_pin rise edge)
                                                      0.000     0.000 r  
    W5                                                0.000     0.000 r  clk (IN)
                         net (fo=0)                   0.000     0.000    clk
    W5                   IBUF (Prop_ibuf_I_O)         0.414     0.414 r  clk_IBUF_inst/O
                         net (fo=1, routed)           0.685     1.099    clk_IBUF
    BUFGCTRL_X0Y0        BUFG (Prop_bufg_I_O)         0.029     1.128 r  clk_IBUF_BUFG_inst/O
                         net (fo=464, routed)         0.864     1.991    u_systolic_top/u_skew_a/clk_IBUF_BUFG
    SLICE_X5Y6           FDRE                                         r  u_systolic_top/u_skew_a/data_out_reg[2][1]/C
                         clock pessimism             -0.502     1.489    
    SLICE_X5Y6           FDRE (Hold_fdre_C_D)         0.055     1.544    u_systolic_top/u_skew_a/data_out_reg[2][1]
  -------------------------------------------------------------------
                         required time                         -1.544    
                         arrival time                           1.704    
  -------------------------------------------------------------------
                         slack                                  0.160    

Slack (MET) :             0.179ns  (arrival time - required time)
  Source:                 u_systolic_top/u_systolic_array/gen_rows[3].gen_cols[1].pe_inst/a_out_reg[0]/C
                            (rising edge-triggered cell FDRE clocked by sys_clk_pin  {rise@0.000ns fall@5.000ns period=10.000ns})
  Destination:            u_systolic_top/u_systolic_array/gen_rows[3].gen_cols[2].pe_inst/a_out_reg[0]/D
                            (rising edge-triggered cell FDRE clocked by sys_clk_pin  {rise@0.000ns fall@5.000ns period=10.000ns})
  Path Group:             sys_clk_pin
  Path Type:              Hold (Min at Fast Process Corner)
  Requirement:            0.000ns  (sys_clk_pin rise@0.000ns - sys_clk_pin rise@0.000ns)
  Data Path Delay:        0.265ns  (logic 0.141ns (53.180%)  route 0.124ns (46.820%))
  Logic Levels:           0  
  Clock Path Skew:        0.016ns (DCD - SCD - CPR)
    Destination Clock Delay (DCD):    1.964ns
    Source Clock Delay      (SCD):    1.450ns
    Clock Pessimism Removal (CPR):    0.498ns

    Location             Delay type                Incr(ns)  Path(ns)    Netlist Resource(s)
  -------------------------------------------------------------------    -------------------
                         (clock sys_clk_pin rise edge)
                                                      0.000     0.000 r  
    W5                                                0.000     0.000 r  clk (IN)
                         net (fo=0)                   0.000     0.000    clk
    W5                   IBUF (Prop_ibuf_I_O)         0.226     0.226 r  clk_IBUF_inst/O
                         net (fo=1, routed)           0.631     0.858    clk_IBUF
    BUFGCTRL_X0Y0        BUFG (Prop_bufg_I_O)         0.026     0.884 r  clk_IBUF_BUFG_inst/O
                         net (fo=464, routed)         0.567     1.450    u_systolic_top/u_systolic_array/gen_rows[3].gen_cols[1].pe_inst/clk_IBUF_BUFG
    SLICE_X13Y1          FDRE                                         r  u_systolic_top/u_systolic_array/gen_rows[3].gen_cols[1].pe_inst/a_out_reg[0]/C
  -------------------------------------------------------------------    -------------------
    SLICE_X13Y1          FDRE (Prop_fdre_C_Q)         0.141     1.591 r  u_systolic_top/u_systolic_array/gen_rows[3].gen_cols[1].pe_inst/a_out_reg[0]/Q
                         net (fo=3, routed)           0.124     1.715    u_systolic_top/u_systolic_array/gen_rows[3].gen_cols[2].pe_inst/D[0]
    SLICE_X13Y2          FDRE                                         r  u_systolic_top/u_systolic_array/gen_rows[3].gen_cols[2].pe_inst/a_out_reg[0]/D
  -------------------------------------------------------------------    -------------------

                         (clock sys_clk_pin rise edge)
                                                      0.000     0.000 r  
    W5                                                0.000     0.000 r  clk (IN)
                         net (fo=0)                   0.000     0.000    clk
    W5                   IBUF (Prop_ibuf_I_O)         0.414     0.414 r  clk_IBUF_inst/O
                         net (fo=1, routed)           0.685     1.099    clk_IBUF
    BUFGCTRL_X0Y0        BUFG (Prop_bufg_I_O)         0.029     1.128 r  clk_IBUF_BUFG_inst/O
                         net (fo=464, routed)         0.837     1.964    u_systolic_top/u_systolic_array/gen_rows[3].gen_cols[2].pe_inst/clk_IBUF_BUFG
    SLICE_X13Y2          FDRE                                         r  u_systolic_top/u_systolic_array/gen_rows[3].gen_cols[2].pe_inst/a_out_reg[0]/C
                         clock pessimism             -0.498     1.466    
    SLICE_X13Y2          FDRE (Hold_fdre_C_D)         0.070     1.536    u_systolic_top/u_systolic_array/gen_rows[3].gen_cols[2].pe_inst/a_out_reg[0]
  -------------------------------------------------------------------
                         required time                         -1.536    
                         arrival time                           1.715    
  -------------------------------------------------------------------
                         slack                                  0.179    

Slack (MET) :             0.183ns  (arrival time - required time)
  Source:                 u_systolic_top/u_systolic_array/gen_rows[1].gen_cols[2].pe_inst/b_out_reg[0]/C
                            (rising edge-triggered cell FDRE clocked by sys_clk_pin  {rise@0.000ns fall@5.000ns period=10.000ns})
  Destination:            u_systolic_top/u_systolic_array/gen_rows[2].gen_cols[2].pe_inst/b_out_reg[0]/D
                            (rising edge-triggered cell FDRE clocked by sys_clk_pin  {rise@0.000ns fall@5.000ns period=10.000ns})
  Path Group:             sys_clk_pin
  Path Type:              Hold (Min at Fast Process Corner)
  Requirement:            0.000ns  (sys_clk_pin rise@0.000ns - sys_clk_pin rise@0.000ns)
  Data Path Delay:        0.285ns  (logic 0.141ns (49.461%)  route 0.144ns (50.539%))
  Logic Levels:           0  
  Clock Path Skew:        0.036ns (DCD - SCD - CPR)
    Destination Clock Delay (DCD):    1.964ns
    Source Clock Delay      (SCD):    1.450ns
    Clock Pessimism Removal (CPR):    0.478ns

    Location             Delay type                Incr(ns)  Path(ns)    Netlist Resource(s)
  -------------------------------------------------------------------    -------------------
                         (clock sys_clk_pin rise edge)
                                                      0.000     0.000 r  
    W5                                                0.000     0.000 r  clk (IN)
                         net (fo=0)                   0.000     0.000    clk
    W5                   IBUF (Prop_ibuf_I_O)         0.226     0.226 r  clk_IBUF_inst/O
                         net (fo=1, routed)           0.631     0.858    clk_IBUF
    BUFGCTRL_X0Y0        BUFG (Prop_bufg_I_O)         0.026     0.884 r  clk_IBUF_BUFG_inst/O
                         net (fo=464, routed)         0.567     1.450    u_systolic_top/u_systolic_array/gen_rows[1].gen_cols[2].pe_inst/clk_IBUF_BUFG
    SLICE_X11Y2          FDRE                                         r  u_systolic_top/u_systolic_array/gen_rows[1].gen_cols[2].pe_inst/b_out_reg[0]/C
  -------------------------------------------------------------------    -------------------
    SLICE_X11Y2          FDRE (Prop_fdre_C_Q)         0.141     1.591 r  u_systolic_top/u_systolic_array/gen_rows[1].gen_cols[2].pe_inst/b_out_reg[0]/Q
                         net (fo=9, routed)           0.144     1.735    u_systolic_top/u_systolic_array/gen_rows[2].gen_cols[2].pe_inst/b_out_reg[1]_1[0]
    SLICE_X13Y2          FDRE                                         r  u_systolic_top/u_systolic_array/gen_rows[2].gen_cols[2].pe_inst/b_out_reg[0]/D
  -------------------------------------------------------------------    -------------------

                         (clock sys_clk_pin rise edge)
                                                      0.000     0.000 r  
    W5                                                0.000     0.000 r  clk (IN)
                         net (fo=0)                   0.000     0.000    clk
    W5                   IBUF (Prop_ibuf_I_O)         0.414     0.414 r  clk_IBUF_inst/O
                         net (fo=1, routed)           0.685     1.099    clk_IBUF
    BUFGCTRL_X0Y0        BUFG (Prop_bufg_I_O)         0.029     1.128 r  clk_IBUF_BUFG_inst/O
                         net (fo=464, routed)         0.837     1.964    u_systolic_top/u_systolic_array/gen_rows[2].gen_cols[2].pe_inst/clk_IBUF_BUFG
    SLICE_X13Y2          FDRE                                         r  u_systolic_top/u_systolic_array/gen_rows[2].gen_cols[2].pe_inst/b_out_reg[0]/C
                         clock pessimism             -0.478     1.486    
    SLICE_X13Y2          FDRE (Hold_fdre_C_D)         0.066     1.552    u_systolic_top/u_systolic_array/gen_rows[2].gen_cols[2].pe_inst/b_out_reg[0]
  -------------------------------------------------------------------
                         required time                         -1.552    
                         arrival time                           1.735    
  -------------------------------------------------------------------
                         slack                                  0.183    

Slack (MET) :             0.183ns  (arrival time - required time)
  Source:                 u_systolic_top/u_skew_a/data_out_reg[1][0]/C
                            (rising edge-triggered cell FDRE clocked by sys_clk_pin  {rise@0.000ns fall@5.000ns period=10.000ns})
  Destination:            u_systolic_top/u_systolic_array/gen_rows[1].gen_cols[0].pe_inst/a_out_reg[0]/D
                            (rising edge-triggered cell FDRE clocked by sys_clk_pin  {rise@0.000ns fall@5.000ns period=10.000ns})
  Path Group:             sys_clk_pin
  Path Type:              Hold (Min at Fast Process Corner)
  Requirement:            0.000ns  (sys_clk_pin rise@0.000ns - sys_clk_pin rise@0.000ns)
  Data Path Delay:        0.269ns  (logic 0.141ns (52.343%)  route 0.128ns (47.657%))
  Logic Levels:           0  
  Clock Path Skew:        0.016ns (DCD - SCD - CPR)
    Destination Clock Delay (DCD):    1.991ns
    Source Clock Delay      (SCD):    1.476ns
    Clock Pessimism Removal (CPR):    0.499ns

    Location             Delay type                Incr(ns)  Path(ns)    Netlist Resource(s)
  -------------------------------------------------------------------    -------------------
                         (clock sys_clk_pin rise edge)
                                                      0.000     0.000 r  
    W5                                                0.000     0.000 r  clk (IN)
                         net (fo=0)                   0.000     0.000    clk
    W5                   IBUF (Prop_ibuf_I_O)         0.226     0.226 r  clk_IBUF_inst/O
                         net (fo=1, routed)           0.631     0.858    clk_IBUF
    BUFGCTRL_X0Y0        BUFG (Prop_bufg_I_O)         0.026     0.884 r  clk_IBUF_BUFG_inst/O
                         net (fo=464, routed)         0.593     1.476    u_systolic_top/u_skew_a/clk_IBUF_BUFG
    SLICE_X5Y6           FDRE                                         r  u_systolic_top/u_skew_a/data_out_reg[1][0]/C
  -------------------------------------------------------------------    -------------------
    SLICE_X5Y6           FDRE (Prop_fdre_C_Q)         0.141     1.617 r  u_systolic_top/u_skew_a/data_out_reg[1][0]/Q
                         net (fo=3, routed)           0.128     1.746    u_systolic_top/u_systolic_array/gen_rows[1].gen_cols[0].pe_inst/data_out_reg[1][0]
    SLICE_X5Y4           FDRE                                         r  u_systolic_top/u_systolic_array/gen_rows[1].gen_cols[0].pe_inst/a_out_reg[0]/D
  -------------------------------------------------------------------    -------------------

                         (clock sys_clk_pin rise edge)
                                                      0.000     0.000 r  
    W5                                                0.000     0.000 r  clk (IN)
                         net (fo=0)                   0.000     0.000    clk
    W5                   IBUF (Prop_ibuf_I_O)         0.414     0.414 r  clk_IBUF_inst/O
                         net (fo=1, routed)           0.685     1.099    clk_IBUF
    BUFGCTRL_X0Y0        BUFG (Prop_bufg_I_O)         0.029     1.128 r  clk_IBUF_BUFG_inst/O
                         net (fo=464, routed)         0.864     1.991    u_systolic_top/u_systolic_array/gen_rows[1].gen_cols[0].pe_inst/clk_IBUF_BUFG
    SLICE_X5Y4           FDRE                                         r  u_systolic_top/u_systolic_array/gen_rows[1].gen_cols[0].pe_inst/a_out_reg[0]/C
                         clock pessimism             -0.499     1.492    
    SLICE_X5Y4           FDRE (Hold_fdre_C_D)         0.070     1.562    u_systolic_top/u_systolic_array/gen_rows[1].gen_cols[0].pe_inst/a_out_reg[0]
  -------------------------------------------------------------------
                         required time                         -1.562    
                         arrival time                           1.746    
  -------------------------------------------------------------------
                         slack                                  0.183    

Slack (MET) :             0.190ns  (arrival time - required time)
  Source:                 u_systolic_top/u_skew_a/data_out_reg[3][0]/C
                            (rising edge-triggered cell FDRE clocked by sys_clk_pin  {rise@0.000ns fall@5.000ns period=10.000ns})
  Destination:            u_systolic_top/u_systolic_array/gen_rows[3].gen_cols[0].pe_inst/a_out_reg[0]/D
                            (rising edge-triggered cell FDRE clocked by sys_clk_pin  {rise@0.000ns fall@5.000ns period=10.000ns})
  Path Group:             sys_clk_pin
  Path Type:              Hold (Min at Fast Process Corner)
  Requirement:            0.000ns  (sys_clk_pin rise@0.000ns - sys_clk_pin rise@0.000ns)
  Data Path Delay:        0.269ns  (logic 0.141ns (52.384%)  route 0.128ns (47.616%))
  Logic Levels:           0  
  Clock Path Skew:        0.016ns (DCD - SCD - CPR)
    Destination Clock Delay (DCD):    1.964ns
    Source Clock Delay      (SCD):    1.450ns
    Clock Pessimism Removal (CPR):    0.498ns

    Location             Delay type                Incr(ns)  Path(ns)    Netlist Resource(s)
  -------------------------------------------------------------------    -------------------
                         (clock sys_clk_pin rise edge)
                                                      0.000     0.000 r  
    W5                                                0.000     0.000 r  clk (IN)
                         net (fo=0)                   0.000     0.000    clk
    W5                   IBUF (Prop_ibuf_I_O)         0.226     0.226 r  clk_IBUF_inst/O
                         net (fo=1, routed)           0.631     0.858    clk_IBUF
    BUFGCTRL_X0Y0        BUFG (Prop_bufg_I_O)         0.026     0.884 r  clk_IBUF_BUFG_inst/O
                         net (fo=464, routed)         0.567     1.450    u_systolic_top/u_skew_a/clk_IBUF_BUFG
    SLICE_X9Y0           FDRE                                         r  u_systolic_top/u_skew_a/data_out_reg[3][0]/C
  -------------------------------------------------------------------    -------------------
    SLICE_X9Y0           FDRE (Prop_fdre_C_Q)         0.141     1.591 r  u_systolic_top/u_skew_a/data_out_reg[3][0]/Q
                         net (fo=3, routed)           0.128     1.719    u_systolic_top/u_systolic_array/gen_rows[3].gen_cols[0].pe_inst/data_out_reg[3][0]
    SLICE_X8Y1           FDRE                                         r  u_systolic_top/u_systolic_array/gen_rows[3].gen_cols[0].pe_inst/a_out_reg[0]/D
  -------------------------------------------------------------------    -------------------

                         (clock sys_clk_pin rise edge)
                                                      0.000     0.000 r  
    W5                                                0.000     0.000 r  clk (IN)
                         net (fo=0)                   0.000     0.000    clk
    W5                   IBUF (Prop_ibuf_I_O)         0.414     0.414 r  clk_IBUF_inst/O
                         net (fo=1, routed)           0.685     1.099    clk_IBUF
    BUFGCTRL_X0Y0        BUFG (Prop_bufg_I_O)         0.029     1.128 r  clk_IBUF_BUFG_inst/O
                         net (fo=464, routed)         0.837     1.964    u_systolic_top/u_systolic_array/gen_rows[3].gen_cols[0].pe_inst/clk_IBUF_BUFG
    SLICE_X8Y1           FDRE                                         r  u_systolic_top/u_systolic_array/gen_rows[3].gen_cols[0].pe_inst/a_out_reg[0]/C
                         clock pessimism             -0.498     1.466    
    SLICE_X8Y1           FDRE (Hold_fdre_C_D)         0.063     1.529    u_systolic_top/u_systolic_array/gen_rows[3].gen_cols[0].pe_inst/a_out_reg[0]
  -------------------------------------------------------------------
                         required time                         -1.529    
                         arrival time                           1.719    
  -------------------------------------------------------------------
                         slack                                  0.190    





Pulse Width Checks
--------------------------------------------------------------------------------------
Clock Name:         sys_clk_pin
Waveform(ns):       { 0.000 5.000 }
Period(ns):         10.000
Sources:            { clk }

Check Type        Corner  Lib Pin     Reference Pin  Required(ns)  Actual(ns)  Slack(ns)  Location       Pin
Min Period        n/a     BUFG/I      n/a            2.155         10.000      7.845      BUFGCTRL_X0Y0  clk_IBUF_BUFG_inst/I
Min Period        n/a     FDRE/C      n/a            1.000         10.000      9.000      SLICE_X0Y12    btnC_d_reg/C
Min Period        n/a     FDRE/C      n/a            1.000         10.000      9.000      SLICE_X0Y12    btnC_sync_reg/C
Min Period        n/a     FDRE/C      n/a            1.000         10.000      9.000      SLICE_X0Y10    btnU_d_reg/C
Min Period        n/a     FDRE/C      n/a            1.000         10.000      9.000      SLICE_X0Y14    btnU_sync_reg/C
Min Period        n/a     FDRE/C      n/a            1.000         10.000      9.000      SLICE_X5Y7     u_7seg/refresh_counter_reg[0]/C
Min Period        n/a     FDRE/C      n/a            1.000         10.000      9.000      SLICE_X5Y9     u_7seg/refresh_counter_reg[10]/C
Min Period        n/a     FDRE/C      n/a            1.000         10.000      9.000      SLICE_X5Y9     u_7seg/refresh_counter_reg[11]/C
Min Period        n/a     FDRE/C      n/a            1.000         10.000      9.000      SLICE_X5Y10    u_7seg/refresh_counter_reg[12]/C
Min Period        n/a     FDRE/C      n/a            1.000         10.000      9.000      SLICE_X5Y10    u_7seg/refresh_counter_reg[13]/C
Low Pulse Width   Slow    SRL16E/CLK  n/a            0.980         5.000       4.020      SLICE_X2Y0     u_systolic_top/u_skew_a/shift_reg_reg[3][1][0]_srl2___u_systolic_top_u_skew_b_shift_reg_reg_r_0/CLK
Low Pulse Width   Fast    SRL16E/CLK  n/a            0.980         5.000       4.020      SLICE_X2Y0     u_systolic_top/u_skew_a/shift_reg_reg[3][1][0]_srl2___u_systolic_top_u_skew_b_shift_reg_reg_r_0/CLK
Low Pulse Width   Slow    SRL16E/CLK  n/a            0.980         5.000       4.020      SLICE_X6Y6     u_systolic_top/u_skew_a/shift_reg_reg[3][1][1]_srl2___u_systolic_top_u_skew_b_shift_reg_reg_r_0/CLK
Low Pulse Width   Fast    SRL16E/CLK  n/a            0.980         5.000       4.020      SLICE_X6Y6     u_systolic_top/u_skew_a/shift_reg_reg[3][1][1]_srl2___u_systolic_top_u_skew_b_shift_reg_reg_r_0/CLK
Low Pulse Width   Slow    SRL16E/CLK  n/a            0.980         5.000       4.020      SLICE_X6Y6     u_systolic_top/u_skew_a/shift_reg_reg[3][1][2]_srl2___u_systolic_top_u_skew_b_shift_reg_reg_r_0/CLK
Low Pulse Width   Fast    SRL16E/CLK  n/a            0.980         5.000       4.020      SLICE_X6Y6     u_systolic_top/u_skew_a/shift_reg_reg[3][1][2]_srl2___u_systolic_top_u_skew_b_shift_reg_reg_r_0/CLK
Low Pulse Width   Slow    SRL16E/CLK  n/a            0.980         5.000       4.020      SLICE_X2Y0     u_systolic_top/u_skew_b/shift_reg_reg[3][1][0]_srl2___u_systolic_top_u_skew_b_shift_reg_reg_r_0/CLK
Low Pulse Width   Fast    SRL16E/CLK  n/a            0.980         5.000       4.020      SLICE_X2Y0     u_systolic_top/u_skew_b/shift_reg_reg[3][1][0]_srl2___u_systolic_top_u_skew_b_shift_reg_reg_r_0/CLK
Low Pulse Width   Slow    SRL16E/CLK  n/a            0.980         5.000       4.020      SLICE_X2Y0     u_systolic_top/u_skew_b/shift_reg_reg[3][1][1]_srl2___u_systolic_top_u_skew_b_shift_reg_reg_r_0/CLK
Low Pulse Width   Fast    SRL16E/CLK  n/a            0.980         5.000       4.020      SLICE_X2Y0     u_systolic_top/u_skew_b/shift_reg_reg[3][1][1]_srl2___u_systolic_top_u_skew_b_shift_reg_reg_r_0/CLK
High Pulse Width  Slow    SRL16E/CLK  n/a            0.980         5.000       4.020      SLICE_X2Y0     u_systolic_top/u_skew_a/shift_reg_reg[3][1][0]_srl2___u_systolic_top_u_skew_b_shift_reg_reg_r_0/CLK
High Pulse Width  Fast    SRL16E/CLK  n/a            0.980         5.000       4.020      SLICE_X2Y0     u_systolic_top/u_skew_a/shift_reg_reg[3][1][0]_srl2___u_systolic_top_u_skew_b_shift_reg_reg_r_0/CLK
High Pulse Width  Slow    SRL16E/CLK  n/a            0.980         5.000       4.020      SLICE_X6Y6     u_systolic_top/u_skew_a/shift_reg_reg[3][1][1]_srl2___u_systolic_top_u_skew_b_shift_reg_reg_r_0/CLK
High Pulse Width  Fast    SRL16E/CLK  n/a            0.980         5.000       4.020      SLICE_X6Y6     u_systolic_top/u_skew_a/shift_reg_reg[3][1][1]_srl2___u_systolic_top_u_skew_b_shift_reg_reg_r_0/CLK
High Pulse Width  Slow    SRL16E/CLK  n/a            0.980         5.000       4.020      SLICE_X6Y6     u_systolic_top/u_skew_a/shift_reg_reg[3][1][2]_srl2___u_systolic_top_u_skew_b_shift_reg_reg_r_0/CLK
High Pulse Width  Fast    SRL16E/CLK  n/a            0.980         5.000       4.020      SLICE_X6Y6     u_systolic_top/u_skew_a/shift_reg_reg[3][1][2]_srl2___u_systolic_top_u_skew_b_shift_reg_reg_r_0/CLK
High Pulse Width  Slow    SRL16E/CLK  n/a            0.980         5.000       4.020      SLICE_X2Y0     u_systolic_top/u_skew_b/shift_reg_reg[3][1][0]_srl2___u_systolic_top_u_skew_b_shift_reg_reg_r_0/CLK
High Pulse Width  Fast    SRL16E/CLK  n/a            0.980         5.000       4.020      SLICE_X2Y0     u_systolic_top/u_skew_b/shift_reg_reg[3][1][0]_srl2___u_systolic_top_u_skew_b_shift_reg_reg_r_0/CLK
High Pulse Width  Slow    SRL16E/CLK  n/a            0.980         5.000       4.020      SLICE_X2Y0     u_systolic_top/u_skew_b/shift_reg_reg[3][1][1]_srl2___u_systolic_top_u_skew_b_shift_reg_reg_r_0/CLK
High Pulse Width  Fast    SRL16E/CLK  n/a            0.980         5.000       4.020      SLICE_X2Y0     u_systolic_top/u_skew_b/shift_reg_reg[3][1][1]_srl2___u_systolic_top_u_skew_b_shift_reg_reg_r_0/CLK



--------------------------------------------------------------------------------------
Path Group:  (none)
From Clock:  
  To Clock:  

Max Delay            21 Endpoints
Min Delay            21 Endpoints
--------------------------------------------------------------------------------------


Max Delay Paths
--------------------------------------------------------------------------------------
Slack:                    inf
  Source:                 sw[5]
                            (input port)
  Destination:            seg[0]
                            (output port)
  Path Group:             (none)
  Path Type:              Max at Slow Process Corner
  Data Path Delay:        15.473ns  (logic 5.699ns (36.830%)  route 9.774ns (63.170%))
  Logic Levels:           6  (IBUF=1 LUT4=1 LUT6=3 OBUF=1)

    Location             Delay type                Incr(ns)  Path(ns)    Netlist Resource(s)
  -------------------------------------------------------------------    -------------------
    V15                                               0.000     0.000 r  sw[5] (IN)
                         net (fo=0)                   0.000     0.000    sw[5]
    V15                  IBUF (Prop_ibuf_I_O)         1.466     1.466 r  sw_IBUF[5]_inst/O
                         net (fo=65, routed)          2.738     4.204    u_systolic_top/u_systolic_array/gen_rows[1].gen_cols[3].pe_inst/led_OBUF[8]_inst_i_1[1]
    SLICE_X12Y4          LUT6 (Prop_lut6_I3_O)        0.124     4.328 r  u_systolic_top/u_systolic_array/gen_rows[1].gen_cols[3].pe_inst/led_OBUF[12]_inst_i_4/O
                         net (fo=1, routed)           1.188     5.516    u_systolic_top/u_systolic_array/gen_rows[1].gen_cols[1].pe_inst/result[4]
    SLICE_X10Y9          LUT6 (Prop_lut6_I2_O)        0.124     5.640 r  u_systolic_top/u_systolic_array/gen_rows[1].gen_cols[1].pe_inst/led_OBUF[12]_inst_i_1/O
                         net (fo=2, routed)           1.131     6.771    u_systolic_top/u_systolic_array/gen_rows[1].gen_cols[1].pe_inst/led_OBUF[4]
    SLICE_X12Y11         LUT6 (Prop_lut6_I0_O)        0.124     6.895 r  u_systolic_top/u_systolic_array/gen_rows[1].gen_cols[1].pe_inst/seg_OBUF[6]_inst_i_3/O
                         net (fo=7, routed)           1.461     8.356    u_systolic_top/u_systolic_array/gen_rows[1].gen_cols[1].pe_inst/u_7seg/current_nibble__31[0]
    SLICE_X14Y15         LUT4 (Prop_lut4_I2_O)        0.146     8.502 r  u_systolic_top/u_systolic_array/gen_rows[1].gen_cols[1].pe_inst/seg_OBUF[0]_inst_i_1/O
                         net (fo=1, routed)           3.256    11.758    seg_OBUF[0]
    W7                   OBUF (Prop_obuf_I_O)         3.715    15.473 r  seg_OBUF[0]_inst/O
                         net (fo=0)                   0.000    15.473    seg[0]
    W7                                                                r  seg[0] (OUT)
  -------------------------------------------------------------------    -------------------

Slack:                    inf
  Source:                 sw[5]
                            (input port)
  Destination:            seg[1]
                            (output port)
  Path Group:             (none)
  Path Type:              Max at Slow Process Corner
  Data Path Delay:        15.370ns  (logic 5.491ns (35.727%)  route 9.879ns (64.273%))
  Logic Levels:           6  (IBUF=1 LUT4=1 LUT6=3 OBUF=1)

    Location             Delay type                Incr(ns)  Path(ns)    Netlist Resource(s)
  -------------------------------------------------------------------    -------------------
    V15                                               0.000     0.000 r  sw[5] (IN)
                         net (fo=0)                   0.000     0.000    sw[5]
    V15                  IBUF (Prop_ibuf_I_O)         1.466     1.466 r  sw_IBUF[5]_inst/O
                         net (fo=65, routed)          2.738     4.204    u_systolic_top/u_systolic_array/gen_rows[1].gen_cols[3].pe_inst/led_OBUF[8]_inst_i_1[1]
    SLICE_X12Y4          LUT6 (Prop_lut6_I3_O)        0.124     4.328 r  u_systolic_top/u_systolic_array/gen_rows[1].gen_cols[3].pe_inst/led_OBUF[12]_inst_i_4/O
                         net (fo=1, routed)           1.188     5.516    u_systolic_top/u_systolic_array/gen_rows[1].gen_cols[1].pe_inst/result[4]
    SLICE_X10Y9          LUT6 (Prop_lut6_I2_O)        0.124     5.640 r  u_systolic_top/u_systolic_array/gen_rows[1].gen_cols[1].pe_inst/led_OBUF[12]_inst_i_1/O
                         net (fo=2, routed)           1.131     6.771    u_systolic_top/u_systolic_array/gen_rows[1].gen_cols[1].pe_inst/led_OBUF[4]
    SLICE_X12Y11         LUT6 (Prop_lut6_I0_O)        0.124     6.895 r  u_systolic_top/u_systolic_array/gen_rows[1].gen_cols[1].pe_inst/seg_OBUF[6]_inst_i_3/O
                         net (fo=7, routed)           1.461     8.356    u_systolic_top/u_systolic_array/gen_rows[1].gen_cols[1].pe_inst/u_7seg/current_nibble__31[0]
    SLICE_X14Y15         LUT4 (Prop_lut4_I3_O)        0.124     8.480 r  u_systolic_top/u_systolic_array/gen_rows[1].gen_cols[1].pe_inst/seg_OBUF[1]_inst_i_1/O
                         net (fo=1, routed)           3.360    11.841    seg_OBUF[1]
    W6                   OBUF (Prop_obuf_I_O)         3.529    15.370 r  seg_OBUF[1]_inst/O
                         net (fo=0)                   0.000    15.370    seg[1]
    W6                                                                r  seg[1] (OUT)
  -------------------------------------------------------------------    -------------------

Slack:                    inf
  Source:                 sw[5]
                            (input port)
  Destination:            seg[5]
                            (output port)
  Path Group:             (none)
  Path Type:              Max at Slow Process Corner
  Data Path Delay:        15.344ns  (logic 5.702ns (37.164%)  route 9.641ns (62.836%))
  Logic Levels:           6  (IBUF=1 LUT4=1 LUT6=3 OBUF=1)

    Location             Delay type                Incr(ns)  Path(ns)    Netlist Resource(s)
  -------------------------------------------------------------------    -------------------
    V15                                               0.000     0.000 r  sw[5] (IN)
                         net (fo=0)                   0.000     0.000    sw[5]
    V15                  IBUF (Prop_ibuf_I_O)         1.466     1.466 r  sw_IBUF[5]_inst/O
                         net (fo=65, routed)          2.738     4.204    u_systolic_top/u_systolic_array/gen_rows[1].gen_cols[3].pe_inst/led_OBUF[8]_inst_i_1[1]
    SLICE_X12Y4          LUT6 (Prop_lut6_I3_O)        0.124     4.328 r  u_systolic_top/u_systolic_array/gen_rows[1].gen_cols[3].pe_inst/led_OBUF[12]_inst_i_4/O
                         net (fo=1, routed)           1.188     5.516    u_systolic_top/u_systolic_array/gen_rows[1].gen_cols[1].pe_inst/result[4]
    SLICE_X10Y9          LUT6 (Prop_lut6_I2_O)        0.124     5.640 r  u_systolic_top/u_systolic_array/gen_rows[1].gen_cols[1].pe_inst/led_OBUF[12]_inst_i_1/O
                         net (fo=2, routed)           1.131     6.771    u_systolic_top/u_systolic_array/gen_rows[1].gen_cols[1].pe_inst/led_OBUF[4]
    SLICE_X12Y11         LUT6 (Prop_lut6_I0_O)        0.124     6.895 r  u_systolic_top/u_systolic_array/gen_rows[1].gen_cols[1].pe_inst/seg_OBUF[6]_inst_i_3/O
                         net (fo=7, routed)           1.439     8.334    u_systolic_top/u_systolic_array/gen_rows[1].gen_cols[1].pe_inst/u_7seg/current_nibble__31[0]
    SLICE_X14Y15         LUT4 (Prop_lut4_I2_O)        0.153     8.487 r  u_systolic_top/u_systolic_array/gen_rows[1].gen_cols[1].pe_inst/seg_OBUF[5]_inst_i_1/O
                         net (fo=1, routed)           3.146    11.632    seg_OBUF[5]
    V5                   OBUF (Prop_obuf_I_O)         3.711    15.344 r  seg_OBUF[5]_inst/O
                         net (fo=0)                   0.000    15.344    seg[5]
    V5                                                                r  seg[5] (OUT)
  -------------------------------------------------------------------    -------------------

Slack:                    inf
  Source:                 sw[5]
                            (input port)
  Destination:            seg[4]
                            (output port)
  Path Group:             (none)
  Path Type:              Max at Slow Process Corner
  Data Path Delay:        15.303ns  (logic 5.482ns (35.823%)  route 9.821ns (64.177%))
  Logic Levels:           6  (IBUF=1 LUT4=1 LUT6=3 OBUF=1)

    Location             Delay type                Incr(ns)  Path(ns)    Netlist Resource(s)
  -------------------------------------------------------------------    -------------------
    V15                                               0.000     0.000 r  sw[5] (IN)
                         net (fo=0)                   0.000     0.000    sw[5]
    V15                  IBUF (Prop_ibuf_I_O)         1.466     1.466 r  sw_IBUF[5]_inst/O
                         net (fo=65, routed)          2.738     4.204    u_systolic_top/u_systolic_array/gen_rows[1].gen_cols[3].pe_inst/led_OBUF[8]_inst_i_1[1]
    SLICE_X12Y4          LUT6 (Prop_lut6_I3_O)        0.124     4.328 r  u_systolic_top/u_systolic_array/gen_rows[1].gen_cols[3].pe_inst/led_OBUF[12]_inst_i_4/O
                         net (fo=1, routed)           1.188     5.516    u_systolic_top/u_systolic_array/gen_rows[1].gen_cols[1].pe_inst/result[4]
    SLICE_X10Y9          LUT6 (Prop_lut6_I2_O)        0.124     5.640 r  u_systolic_top/u_systolic_array/gen_rows[1].gen_cols[1].pe_inst/led_OBUF[12]_inst_i_1/O
                         net (fo=2, routed)           1.131     6.771    u_systolic_top/u_systolic_array/gen_rows[1].gen_cols[1].pe_inst/led_OBUF[4]
    SLICE_X12Y11         LUT6 (Prop_lut6_I0_O)        0.124     6.895 r  u_systolic_top/u_systolic_array/gen_rows[1].gen_cols[1].pe_inst/seg_OBUF[6]_inst_i_3/O
                         net (fo=7, routed)           1.439     8.334    u_systolic_top/u_systolic_array/gen_rows[1].gen_cols[1].pe_inst/u_7seg/current_nibble__31[0]
    SLICE_X14Y15         LUT4 (Prop_lut4_I3_O)        0.124     8.458 r  u_systolic_top/u_systolic_array/gen_rows[1].gen_cols[1].pe_inst/seg_OBUF[4]_inst_i_1/O
                         net (fo=1, routed)           3.325    11.783    seg_OBUF[4]
    U5                   OBUF (Prop_obuf_I_O)         3.520    15.303 r  seg_OBUF[4]_inst/O
                         net (fo=0)                   0.000    15.303    seg[4]
    U5                                                                r  seg[4] (OUT)
  -------------------------------------------------------------------    -------------------

Slack:                    inf
  Source:                 sw[5]
                            (input port)
  Destination:            seg[2]
                            (output port)
  Path Group:             (none)
  Path Type:              Max at Slow Process Corner
  Data Path Delay:        15.205ns  (logic 5.497ns (36.153%)  route 9.708ns (63.847%))
  Logic Levels:           6  (IBUF=1 LUT4=1 LUT6=3 OBUF=1)

    Location             Delay type                Incr(ns)  Path(ns)    Netlist Resource(s)
  -------------------------------------------------------------------    -------------------
    V15                                               0.000     0.000 r  sw[5] (IN)
                         net (fo=0)                   0.000     0.000    sw[5]
    V15                  IBUF (Prop_ibuf_I_O)         1.466     1.466 r  sw_IBUF[5]_inst/O
                         net (fo=65, routed)          2.738     4.204    u_systolic_top/u_systolic_array/gen_rows[1].gen_cols[3].pe_inst/led_OBUF[8]_inst_i_1[1]
    SLICE_X12Y4          LUT6 (Prop_lut6_I3_O)        0.124     4.328 f  u_systolic_top/u_systolic_array/gen_rows[1].gen_cols[3].pe_inst/led_OBUF[12]_inst_i_4/O
                         net (fo=1, routed)           1.188     5.516    u_systolic_top/u_systolic_array/gen_rows[1].gen_cols[1].pe_inst/result[4]
    SLICE_X10Y9          LUT6 (Prop_lut6_I2_O)        0.124     5.640 f  u_systolic_top/u_systolic_array/gen_rows[1].gen_cols[1].pe_inst/led_OBUF[12]_inst_i_1/O
                         net (fo=2, routed)           1.131     6.771    u_systolic_top/u_systolic_array/gen_rows[1].gen_cols[1].pe_inst/led_OBUF[4]
    SLICE_X12Y11         LUT6 (Prop_lut6_I0_O)        0.124     6.895 f  u_systolic_top/u_systolic_array/gen_rows[1].gen_cols[1].pe_inst/seg_OBUF[6]_inst_i_3/O
                         net (fo=7, routed)           1.453     8.348    u_systolic_top/u_systolic_array/gen_rows[1].gen_cols[1].pe_inst/u_7seg/current_nibble__31[0]
    SLICE_X14Y15         LUT4 (Prop_lut4_I1_O)        0.124     8.472 r  u_systolic_top/u_systolic_array/gen_rows[1].gen_cols[1].pe_inst/seg_OBUF[2]_inst_i_1/O
                         net (fo=1, routed)           3.198    11.670    seg_OBUF[2]
    U8                   OBUF (Prop_obuf_I_O)         3.535    15.205 r  seg_OBUF[2]_inst/O
                         net (fo=0)                   0.000    15.205    seg[2]
    U8                                                                r  seg[2] (OUT)
  -------------------------------------------------------------------    -------------------

Slack:                    inf
  Source:                 sw[5]
                            (input port)
  Destination:            seg[3]
                            (output port)
  Path Group:             (none)
  Path Type:              Max at Slow Process Corner
  Data Path Delay:        15.178ns  (logic 5.750ns (37.881%)  route 9.429ns (62.119%))
  Logic Levels:           6  (IBUF=1 LUT4=1 LUT6=3 OBUF=1)

    Location             Delay type                Incr(ns)  Path(ns)    Netlist Resource(s)
  -------------------------------------------------------------------    -------------------
    V15                                               0.000     0.000 r  sw[5] (IN)
                         net (fo=0)                   0.000     0.000    sw[5]
    V15                  IBUF (Prop_ibuf_I_O)         1.466     1.466 r  sw_IBUF[5]_inst/O
                         net (fo=65, routed)          2.738     4.204    u_systolic_top/u_systolic_array/gen_rows[1].gen_cols[3].pe_inst/led_OBUF[8]_inst_i_1[1]
    SLICE_X12Y4          LUT6 (Prop_lut6_I3_O)        0.124     4.328 r  u_systolic_top/u_systolic_array/gen_rows[1].gen_cols[3].pe_inst/led_OBUF[12]_inst_i_4/O
                         net (fo=1, routed)           1.188     5.516    u_systolic_top/u_systolic_array/gen_rows[1].gen_cols[1].pe_inst/result[4]
    SLICE_X10Y9          LUT6 (Prop_lut6_I2_O)        0.124     5.640 r  u_systolic_top/u_systolic_array/gen_rows[1].gen_cols[1].pe_inst/led_OBUF[12]_inst_i_1/O
                         net (fo=2, routed)           1.131     6.771    u_systolic_top/u_systolic_array/gen_rows[1].gen_cols[1].pe_inst/led_OBUF[4]
    SLICE_X12Y11         LUT6 (Prop_lut6_I0_O)        0.124     6.895 r  u_systolic_top/u_systolic_array/gen_rows[1].gen_cols[1].pe_inst/seg_OBUF[6]_inst_i_3/O
                         net (fo=7, routed)           1.453     8.348    u_systolic_top/u_systolic_array/gen_rows[1].gen_cols[1].pe_inst/u_7seg/current_nibble__31[0]
    SLICE_X14Y15         LUT4 (Prop_lut4_I2_O)        0.152     8.500 r  u_systolic_top/u_systolic_array/gen_rows[1].gen_cols[1].pe_inst/seg_OBUF[3]_inst_i_1/O
                         net (fo=1, routed)           2.918    11.419    seg_OBUF[3]
    V8                   OBUF (Prop_obuf_I_O)         3.760    15.178 r  seg_OBUF[3]_inst/O
                         net (fo=0)                   0.000    15.178    seg[3]
    V8                                                                r  seg[3] (OUT)
  -------------------------------------------------------------------    -------------------

Slack:                    inf
  Source:                 sw[4]
                            (input port)
  Destination:            seg[6]
                            (output port)
  Path Group:             (none)
  Path Type:              Max at Slow Process Corner
  Data Path Delay:        14.771ns  (logic 5.478ns (37.087%)  route 9.293ns (62.913%))
  Logic Levels:           6  (IBUF=1 LUT4=1 LUT6=3 OBUF=1)

    Location             Delay type                Incr(ns)  Path(ns)    Netlist Resource(s)
  -------------------------------------------------------------------    -------------------
    W15                                               0.000     0.000 r  sw[4] (IN)
                         net (fo=0)                   0.000     0.000    sw[4]
    W15                  IBUF (Prop_ibuf_I_O)         1.451     1.451 r  sw_IBUF[4]_inst/O
                         net (fo=65, routed)          3.071     4.521    u_systolic_top/u_systolic_array/gen_rows[1].gen_cols[3].pe_inst/led_OBUF[8]_inst_i_1[0]
    SLICE_X15Y2          LUT6 (Prop_lut6_I4_O)        0.124     4.645 r  u_systolic_top/u_systolic_array/gen_rows[1].gen_cols[3].pe_inst/led_OBUF[13]_inst_i_4/O
                         net (fo=1, routed)           1.028     5.674    u_systolic_top/u_systolic_array/gen_rows[1].gen_cols[1].pe_inst/result[5]
    SLICE_X9Y9           LUT6 (Prop_lut6_I2_O)        0.124     5.798 r  u_systolic_top/u_systolic_array/gen_rows[1].gen_cols[1].pe_inst/led_OBUF[13]_inst_i_1/O
                         net (fo=2, routed)           1.099     6.897    u_systolic_top/u_systolic_array/gen_rows[1].gen_cols[1].pe_inst/led_OBUF[5]
    SLICE_X13Y11         LUT6 (Prop_lut6_I0_O)        0.124     7.021 r  u_systolic_top/u_systolic_array/gen_rows[1].gen_cols[1].pe_inst/seg_OBUF[6]_inst_i_5/O
                         net (fo=7, routed)           0.956     7.977    u_systolic_top/u_systolic_array/gen_rows[1].gen_cols[1].pe_inst/u_7seg/current_nibble__31[1]
    SLICE_X14Y11         LUT4 (Prop_lut4_I3_O)        0.124     8.101 r  u_systolic_top/u_systolic_array/gen_rows[1].gen_cols[1].pe_inst/seg_OBUF[6]_inst_i_1/O
                         net (fo=1, routed)           3.139    11.240    seg_OBUF[6]
    U7                   OBUF (Prop_obuf_I_O)         3.531    14.771 r  seg_OBUF[6]_inst/O
                         net (fo=0)                   0.000    14.771    seg[6]
    U7                                                                r  seg[6] (OUT)
  -------------------------------------------------------------------    -------------------

Slack:                    inf
  Source:                 sw[4]
                            (input port)
  Destination:            led[15]
                            (output port)
  Path Group:             (none)
  Path Type:              Max at Slow Process Corner
  Data Path Delay:        14.639ns  (logic 5.220ns (35.661%)  route 9.418ns (64.339%))
  Logic Levels:           4  (IBUF=1 LUT6=2 OBUF=1)

    Location             Delay type                Incr(ns)  Path(ns)    Netlist Resource(s)
  -------------------------------------------------------------------    -------------------
    W15                                               0.000     0.000 r  sw[4] (IN)
                         net (fo=0)                   0.000     0.000    sw[4]
    W15                  IBUF (Prop_ibuf_I_O)         1.451     1.451 r  sw_IBUF[4]_inst/O
                         net (fo=65, routed)          2.836     4.286    u_systolic_top/u_systolic_array/gen_rows[1].gen_cols[3].pe_inst/led_OBUF[8]_inst_i_1[0]
    SLICE_X15Y2          LUT6 (Prop_lut6_I4_O)        0.124     4.410 r  u_systolic_top/u_systolic_array/gen_rows[1].gen_cols[3].pe_inst/led_OBUF[15]_inst_i_4/O
                         net (fo=1, routed)           1.009     5.420    u_systolic_top/u_systolic_array/gen_rows[1].gen_cols[1].pe_inst/result[7]
    SLICE_X9Y6           LUT6 (Prop_lut6_I2_O)        0.124     5.544 r  u_systolic_top/u_systolic_array/gen_rows[1].gen_cols[1].pe_inst/led_OBUF[15]_inst_i_1/O
                         net (fo=2, routed)           5.573    11.117    led_OBUF[15]
    L1                   OBUF (Prop_obuf_I_O)         3.521    14.639 r  led_OBUF[15]_inst/O
                         net (fo=0)                   0.000    14.639    led[15]
    L1                                                                r  led[15] (OUT)
  -------------------------------------------------------------------    -------------------

Slack:                    inf
  Source:                 sw[5]
                            (input port)
  Destination:            led[12]
                            (output port)
  Path Group:             (none)
  Path Type:              Max at Slow Process Corner
  Data Path Delay:        14.593ns  (logic 5.232ns (35.854%)  route 9.361ns (64.146%))
  Logic Levels:           4  (IBUF=1 LUT6=2 OBUF=1)

    Location             Delay type                Incr(ns)  Path(ns)    Netlist Resource(s)
  -------------------------------------------------------------------    -------------------
    V15                                               0.000     0.000 r  sw[5] (IN)
                         net (fo=0)                   0.000     0.000    sw[5]
    V15                  IBUF (Prop_ibuf_I_O)         1.466     1.466 r  sw_IBUF[5]_inst/O
                         net (fo=65, routed)          2.738     4.204    u_systolic_top/u_systolic_array/gen_rows[1].gen_cols[3].pe_inst/led_OBUF[8]_inst_i_1[1]
    SLICE_X12Y4          LUT6 (Prop_lut6_I3_O)        0.124     4.328 r  u_systolic_top/u_systolic_array/gen_rows[1].gen_cols[3].pe_inst/led_OBUF[12]_inst_i_4/O
                         net (fo=1, routed)           1.188     5.516    u_systolic_top/u_systolic_array/gen_rows[1].gen_cols[1].pe_inst/result[4]
    SLICE_X10Y9          LUT6 (Prop_lut6_I2_O)        0.124     5.640 r  u_systolic_top/u_systolic_array/gen_rows[1].gen_cols[1].pe_inst/led_OBUF[12]_inst_i_1/O
                         net (fo=2, routed)           5.435    11.075    led_OBUF[12]
    P3                   OBUF (Prop_obuf_I_O)         3.518    14.593 r  led_OBUF[12]_inst/O
                         net (fo=0)                   0.000    14.593    led[12]
    P3                                                                r  led[12] (OUT)
  -------------------------------------------------------------------    -------------------

Slack:                    inf
  Source:                 sw[4]
                            (input port)
  Destination:            led[13]
                            (output port)
  Path Group:             (none)
  Path Type:              Max at Slow Process Corner
  Data Path Delay:        14.117ns  (logic 5.206ns (36.878%)  route 8.911ns (63.122%))
  Logic Levels:           4  (IBUF=1 LUT6=2 OBUF=1)

    Location             Delay type                Incr(ns)  Path(ns)    Netlist Resource(s)
  -------------------------------------------------------------------    -------------------
    W15                                               0.000     0.000 r  sw[4] (IN)
                         net (fo=0)                   0.000     0.000    sw[4]
    W15                  IBUF (Prop_ibuf_I_O)         1.451     1.451 r  sw_IBUF[4]_inst/O
                         net (fo=65, routed)          3.071     4.521    u_systolic_top/u_systolic_array/gen_rows[1].gen_cols[3].pe_inst/led_OBUF[8]_inst_i_1[0]
    SLICE_X15Y2          LUT6 (Prop_lut6_I4_O)        0.124     4.645 r  u_systolic_top/u_systolic_array/gen_rows[1].gen_cols[3].pe_inst/led_OBUF[13]_inst_i_4/O
                         net (fo=1, routed)           1.028     5.674    u_systolic_top/u_systolic_array/gen_rows[1].gen_cols[1].pe_inst/result[5]
    SLICE_X9Y9           LUT6 (Prop_lut6_I2_O)        0.124     5.798 r  u_systolic_top/u_systolic_array/gen_rows[1].gen_cols[1].pe_inst/led_OBUF[13]_inst_i_1/O
                         net (fo=2, routed)           4.812    10.610    led_OBUF[13]
    N3                   OBUF (Prop_obuf_I_O)         3.507    14.117 r  led_OBUF[13]_inst/O
                         net (fo=0)                   0.000    14.117    led[13]
    N3                                                                r  led[13] (OUT)
  -------------------------------------------------------------------    -------------------





Min Delay Paths
--------------------------------------------------------------------------------------
Slack:                    inf
  Source:                 sw[5]
                            (input port)
  Destination:            led[5]
                            (output port)
  Path Group:             (none)
  Path Type:              Min at Fast Process Corner
  Data Path Delay:        1.888ns  (logic 1.450ns (76.772%)  route 0.439ns (23.228%))
  Logic Levels:           2  (IBUF=1 OBUF=1)

    Location             Delay type                Incr(ns)  Path(ns)    Netlist Resource(s)
  -------------------------------------------------------------------    -------------------
    V15                                               0.000     0.000 r  sw[5] (IN)
                         net (fo=0)                   0.000     0.000    sw[5]
    V15                  IBUF (Prop_ibuf_I_O)         0.234     0.234 r  sw_IBUF[5]_inst/O
                         net (fo=65, routed)          0.439     0.673    led_OBUF[5]
    U15                  OBUF (Prop_obuf_I_O)         1.216     1.888 r  led_OBUF[5]_inst/O
                         net (fo=0)                   0.000     1.888    led[5]
    U15                                                               r  led[5] (OUT)
  -------------------------------------------------------------------    -------------------

Slack:                    inf
  Source:                 sw[3]
                            (input port)
  Destination:            led[3]
                            (output port)
  Path Group:             (none)
  Path Type:              Min at Fast Process Corner
  Data Path Delay:        1.910ns  (logic 1.427ns (74.689%)  route 0.483ns (25.311%))
  Logic Levels:           2  (IBUF=1 OBUF=1)

    Location             Delay type                Incr(ns)  Path(ns)    Netlist Resource(s)
  -------------------------------------------------------------------    -------------------
    W17                                               0.000     0.000 r  sw[3] (IN)
                         net (fo=0)                   0.000     0.000    sw[3]
    W17                  IBUF (Prop_ibuf_I_O)         0.217     0.217 r  sw_IBUF[3]_inst/O
                         net (fo=17, routed)          0.483     0.700    led_OBUF[3]
    V19                  OBUF (Prop_obuf_I_O)         1.210     1.910 r  led_OBUF[3]_inst/O
                         net (fo=0)                   0.000     1.910    led[3]
    V19                                                               r  led[3] (OUT)
  -------------------------------------------------------------------    -------------------

Slack:                    inf
  Source:                 sw[2]
                            (input port)
  Destination:            led[2]
                            (output port)
  Path Group:             (none)
  Path Type:              Min at Fast Process Corner
  Data Path Delay:        1.915ns  (logic 1.434ns (74.863%)  route 0.481ns (25.137%))
  Logic Levels:           2  (IBUF=1 OBUF=1)

    Location             Delay type                Incr(ns)  Path(ns)    Netlist Resource(s)
  -------------------------------------------------------------------    -------------------
    W16                                               0.000     0.000 r  sw[2] (IN)
                         net (fo=0)                   0.000     0.000    sw[2]
    W16                  IBUF (Prop_ibuf_I_O)         0.232     0.232 r  sw_IBUF[2]_inst/O
                         net (fo=17, routed)          0.481     0.713    led_OBUF[2]
    U19                  OBUF (Prop_obuf_I_O)         1.202     1.915 r  led_OBUF[2]_inst/O
                         net (fo=0)                   0.000     1.915    led[2]
    U19                                                               r  led[2] (OUT)
  -------------------------------------------------------------------    -------------------

Slack:                    inf
  Source:                 sw[4]
                            (input port)
  Destination:            led[4]
                            (output port)
  Path Group:             (none)
  Path Type:              Min at Fast Process Corner
  Data Path Delay:        1.919ns  (logic 1.429ns (74.456%)  route 0.490ns (25.544%))
  Logic Levels:           2  (IBUF=1 OBUF=1)

    Location             Delay type                Incr(ns)  Path(ns)    Netlist Resource(s)
  -------------------------------------------------------------------    -------------------
    W15                                               0.000     0.000 r  sw[4] (IN)
                         net (fo=0)                   0.000     0.000    sw[4]
    W15                  IBUF (Prop_ibuf_I_O)         0.219     0.219 r  sw_IBUF[4]_inst/O
                         net (fo=65, routed)          0.490     0.709    led_OBUF[4]
    W18                  OBUF (Prop_obuf_I_O)         1.210     1.919 r  led_OBUF[4]_inst/O
                         net (fo=0)                   0.000     1.919    led[4]
    W18                                                               r  led[4] (OUT)
  -------------------------------------------------------------------    -------------------

Slack:                    inf
  Source:                 sw[0]
                            (input port)
  Destination:            led[6]
                            (output port)
  Path Group:             (none)
  Path Type:              Min at Fast Process Corner
  Data Path Delay:        2.247ns  (logic 1.428ns (63.556%)  route 0.819ns (36.444%))
  Logic Levels:           2  (IBUF=1 OBUF=1)

    Location             Delay type                Incr(ns)  Path(ns)    Netlist Resource(s)
  -------------------------------------------------------------------    -------------------
    V17                                               0.000     0.000 r  sw[0] (IN)
                         net (fo=0)                   0.000     0.000    sw[0]
    V17                  IBUF (Prop_ibuf_I_O)         0.221     0.221 r  sw_IBUF[0]_inst/O
                         net (fo=8, routed)           0.819     1.040    led_OBUF[6]
    U14                  OBUF (Prop_obuf_I_O)         1.207     2.247 r  led_OBUF[6]_inst/O
                         net (fo=0)                   0.000     2.247    led[6]
    U14                                                               r  led[6] (OUT)
  -------------------------------------------------------------------    -------------------

Slack:                    inf
  Source:                 sw[1]
                            (input port)
  Destination:            led[7]
                            (output port)
  Path Group:             (none)
  Path Type:              Min at Fast Process Corner
  Data Path Delay:        2.372ns  (logic 1.431ns (60.326%)  route 0.941ns (39.674%))
  Logic Levels:           2  (IBUF=1 OBUF=1)

    Location             Delay type                Incr(ns)  Path(ns)    Netlist Resource(s)
  -------------------------------------------------------------------    -------------------
    V16                                               0.000     0.000 r  sw[1] (IN)
                         net (fo=0)                   0.000     0.000    sw[1]
    V16                  IBUF (Prop_ibuf_I_O)         0.229     0.229 r  sw_IBUF[1]_inst/O
                         net (fo=27, routed)          0.941     1.171    led_OBUF[7]
    V14                  OBUF (Prop_obuf_I_O)         1.202     2.372 r  led_OBUF[7]_inst/O
                         net (fo=0)                   0.000     2.372    led[7]
    V14                                                               r  led[7] (OUT)
  -------------------------------------------------------------------    -------------------

Slack:                    inf
  Source:                 sw[3]
                            (input port)
  Destination:            led[8]
                            (output port)
  Path Group:             (none)
  Path Type:              Min at Fast Process Corner
  Data Path Delay:        2.458ns  (logic 1.467ns (59.672%)  route 0.991ns (40.328%))
  Logic Levels:           3  (IBUF=1 LUT6=1 OBUF=1)

    Location             Delay type                Incr(ns)  Path(ns)    Netlist Resource(s)
  -------------------------------------------------------------------    -------------------
    W17                                               0.000     0.000 r  sw[3] (IN)
                         net (fo=0)                   0.000     0.000    sw[3]
    W17                  IBUF (Prop_ibuf_I_O)         0.217     0.217 r  sw_IBUF[3]_inst/O
                         net (fo=17, routed)          0.572     0.788    u_systolic_top/u_systolic_array/gen_rows[1].gen_cols[1].pe_inst/seg_OBUF[6]_inst_i_6_0[1]
    SLICE_X6Y5           LUT6 (Prop_lut6_I3_O)        0.045     0.833 r  u_systolic_top/u_systolic_array/gen_rows[1].gen_cols[1].pe_inst/led_OBUF[8]_inst_i_1/O
                         net (fo=2, routed)           0.420     1.253    led_OBUF[8]
    V13                  OBUF (Prop_obuf_I_O)         1.205     2.458 r  led_OBUF[8]_inst/O
                         net (fo=0)                   0.000     2.458    led[8]
    V13                                                               r  led[8] (OUT)
  -------------------------------------------------------------------    -------------------

Slack:                    inf
  Source:                 sw[3]
                            (input port)
  Destination:            led[10]
                            (output port)
  Path Group:             (none)
  Path Type:              Min at Fast Process Corner
  Data Path Delay:        3.775ns  (logic 1.488ns (39.415%)  route 2.287ns (60.585%))
  Logic Levels:           3  (IBUF=1 LUT6=1 OBUF=1)

    Location             Delay type                Incr(ns)  Path(ns)    Netlist Resource(s)
  -------------------------------------------------------------------    -------------------
    W17                                               0.000     0.000 r  sw[3] (IN)
                         net (fo=0)                   0.000     0.000    sw[3]
    W17                  IBUF (Prop_ibuf_I_O)         0.217     0.217 r  sw_IBUF[3]_inst/O
                         net (fo=17, routed)          0.700     0.917    u_systolic_top/u_systolic_array/gen_rows[1].gen_cols[1].pe_inst/seg_OBUF[6]_inst_i_6_0[1]
    SLICE_X9Y5           LUT6 (Prop_lut6_I3_O)        0.045     0.962 r  u_systolic_top/u_systolic_array/gen_rows[1].gen_cols[1].pe_inst/led_OBUF[10]_inst_i_1/O
                         net (fo=2, routed)           1.587     2.549    led_OBUF[10]
    W3                   OBUF (Prop_obuf_I_O)         1.226     3.775 r  led_OBUF[10]_inst/O
                         net (fo=0)                   0.000     3.775    led[10]
    W3                                                                r  led[10] (OUT)
  -------------------------------------------------------------------    -------------------

Slack:                    inf
  Source:                 sw[3]
                            (input port)
  Destination:            led[11]
                            (output port)
  Path Group:             (none)
  Path Type:              Min at Fast Process Corner
  Data Path Delay:        3.788ns  (logic 1.467ns (38.714%)  route 2.322ns (61.286%))
  Logic Levels:           3  (IBUF=1 LUT6=1 OBUF=1)

    Location             Delay type                Incr(ns)  Path(ns)    Netlist Resource(s)
  -------------------------------------------------------------------    -------------------
    W17                                               0.000     0.000 r  sw[3] (IN)
                         net (fo=0)                   0.000     0.000    sw[3]
    W17                  IBUF (Prop_ibuf_I_O)         0.217     0.217 r  sw_IBUF[3]_inst/O
                         net (fo=17, routed)          0.776     0.993    u_systolic_top/u_systolic_array/gen_rows[1].gen_cols[1].pe_inst/seg_OBUF[6]_inst_i_6_0[1]
    SLICE_X9Y5           LUT6 (Prop_lut6_I3_O)        0.045     1.038 r  u_systolic_top/u_systolic_array/gen_rows[1].gen_cols[1].pe_inst/led_OBUF[11]_inst_i_1/O
                         net (fo=2, routed)           1.545     2.583    led_OBUF[11]
    U3                   OBUF (Prop_obuf_I_O)         1.205     3.788 r  led_OBUF[11]_inst/O
                         net (fo=0)                   0.000     3.788    led[11]
    U3                                                                r  led[11] (OUT)
  -------------------------------------------------------------------    -------------------

Slack:                    inf
  Source:                 sw[3]
                            (input port)
  Destination:            led[9]
                            (output port)
  Path Group:             (none)
  Path Type:              Min at Fast Process Corner
  Data Path Delay:        3.886ns  (logic 1.471ns (37.858%)  route 2.415ns (62.142%))
  Logic Levels:           3  (IBUF=1 LUT6=1 OBUF=1)

    Location             Delay type                Incr(ns)  Path(ns)    Netlist Resource(s)
  -------------------------------------------------------------------    -------------------
    W17                                               0.000     0.000 r  sw[3] (IN)
                         net (fo=0)                   0.000     0.000    sw[3]
    W17                  IBUF (Prop_ibuf_I_O)         0.217     0.217 r  sw_IBUF[3]_inst/O
                         net (fo=17, routed)          0.771     0.988    u_systolic_top/u_systolic_array/gen_rows[1].gen_cols[1].pe_inst/seg_OBUF[6]_inst_i_6_0[1]
    SLICE_X11Y5          LUT6 (Prop_lut6_I3_O)        0.045     1.033 r  u_systolic_top/u_systolic_array/gen_rows[1].gen_cols[1].pe_inst/led_OBUF[9]_inst_i_1/O
                         net (fo=2, routed)           1.643     2.676    led_OBUF[9]
    V3                   OBUF (Prop_obuf_I_O)         1.209     3.886 r  led_OBUF[9]_inst/O
                         net (fo=0)                   0.000     3.886    led[9]
    V3                                                                r  led[9] (OUT)
  -------------------------------------------------------------------    -------------------





--------------------------------------------------------------------------------------
Path Group:  (none)
From Clock:  sys_clk_pin
  To Clock:  

Max Delay            21 Endpoints
Min Delay            21 Endpoints
--------------------------------------------------------------------------------------


Max Delay Paths
--------------------------------------------------------------------------------------
Slack:                    inf
  Source:                 u_systolic_top/u_systolic_array/gen_rows[3].gen_cols[0].pe_inst/acc_reg[0]/C
                            (rising edge-triggered cell FDRE clocked by sys_clk_pin  {rise@0.000ns fall@5.000ns period=10.000ns})
  Destination:            seg[0]
                            (output port)
  Path Group:             (none)
  Path Type:              Max at Slow Process Corner
  Data Path Delay:        12.826ns  (logic 4.751ns (37.040%)  route 8.075ns (62.960%))
  Logic Levels:           5  (LUT4=1 LUT6=3 OBUF=1)
  Clock Uncertainty:      0.025ns  ((TSJ^2 + TIJ^2)^1/2 + DJ) / 2 + PE
    Total System Jitter     (TSJ):    0.050ns
    Total Input Jitter      (TIJ):    0.000ns
    Discrete Jitter          (DJ):    0.000ns
    Phase Error              (PE):    0.000ns

    Location             Delay type                Incr(ns)  Path(ns)    Netlist Resource(s)
  -------------------------------------------------------------------    -------------------
                         (clock sys_clk_pin rise edge)
                                                      0.000     0.000 r  
    W5                                                0.000     0.000 r  clk (IN)
                         net (fo=0)                   0.000     0.000    clk
    W5                   IBUF (Prop_ibuf_I_O)         1.458     1.458 r  clk_IBUF_inst/O
                         net (fo=1, routed)           1.967     3.425    clk_IBUF
    BUFGCTRL_X0Y0        BUFG (Prop_bufg_I_O)         0.096     3.521 r  clk_IBUF_BUFG_inst/O
                         net (fo=464, routed)         1.568     5.089    u_systolic_top/u_systolic_array/gen_rows[3].gen_cols[0].pe_inst/clk_IBUF_BUFG
    SLICE_X8Y7           FDRE                                         r  u_systolic_top/u_systolic_array/gen_rows[3].gen_cols[0].pe_inst/acc_reg[0]/C
  -------------------------------------------------------------------    -------------------
    SLICE_X8Y7           FDRE (Prop_fdre_C_Q)         0.518     5.607 r  u_systolic_top/u_systolic_array/gen_rows[3].gen_cols[0].pe_inst/acc_reg[0]/Q
                         net (fo=2, routed)           1.190     6.797    u_systolic_top/u_systolic_array/gen_rows[1].gen_cols[0].pe_inst/out[0]
    SLICE_X2Y7           LUT6 (Prop_lut6_I2_O)        0.124     6.921 r  u_systolic_top/u_systolic_array/gen_rows[1].gen_cols[0].pe_inst/led_OBUF[8]_inst_i_3/O
                         net (fo=1, routed)           0.955     7.876    u_systolic_top/u_systolic_array/gen_rows[1].gen_cols[1].pe_inst/result2_in[0]
    SLICE_X6Y5           LUT6 (Prop_lut6_I1_O)        0.124     8.000 r  u_systolic_top/u_systolic_array/gen_rows[1].gen_cols[1].pe_inst/led_OBUF[8]_inst_i_1/O
                         net (fo=2, routed)           1.213     9.213    u_systolic_top/u_systolic_array/gen_rows[1].gen_cols[1].pe_inst/led_OBUF[0]
    SLICE_X12Y11         LUT6 (Prop_lut6_I1_O)        0.124     9.337 r  u_systolic_top/u_systolic_array/gen_rows[1].gen_cols[1].pe_inst/seg_OBUF[6]_inst_i_3/O
                         net (fo=7, routed)           1.461    10.798    u_systolic_top/u_systolic_array/gen_rows[1].gen_cols[1].pe_inst/u_7seg/current_nibble__31[0]
    SLICE_X14Y15         LUT4 (Prop_lut4_I2_O)        0.146    10.944 r  u_systolic_top/u_systolic_array/gen_rows[1].gen_cols[1].pe_inst/seg_OBUF[0]_inst_i_1/O
                         net (fo=1, routed)           3.256    14.201    seg_OBUF[0]
    W7                   OBUF (Prop_obuf_I_O)         3.715    17.915 r  seg_OBUF[0]_inst/O
                         net (fo=0)                   0.000    17.915    seg[0]
    W7                                                                r  seg[0] (OUT)
  -------------------------------------------------------------------    -------------------

Slack:                    inf
  Source:                 u_systolic_top/u_systolic_array/gen_rows[3].gen_cols[0].pe_inst/acc_reg[0]/C
                            (rising edge-triggered cell FDRE clocked by sys_clk_pin  {rise@0.000ns fall@5.000ns period=10.000ns})
  Destination:            seg[1]
                            (output port)
  Path Group:             (none)
  Path Type:              Max at Slow Process Corner
  Data Path Delay:        12.723ns  (logic 4.543ns (35.709%)  route 8.179ns (64.291%))
  Logic Levels:           5  (LUT4=1 LUT6=3 OBUF=1)
  Clock Uncertainty:      0.025ns  ((TSJ^2 + TIJ^2)^1/2 + DJ) / 2 + PE
    Total System Jitter     (TSJ):    0.050ns
    Total Input Jitter      (TIJ):    0.000ns
    Discrete Jitter          (DJ):    0.000ns
    Phase Error              (PE):    0.000ns

    Location             Delay type                Incr(ns)  Path(ns)    Netlist Resource(s)
  -------------------------------------------------------------------    -------------------
                         (clock sys_clk_pin rise edge)
                                                      0.000     0.000 r  
    W5                                                0.000     0.000 r  clk (IN)
                         net (fo=0)                   0.000     0.000    clk
    W5                   IBUF (Prop_ibuf_I_O)         1.458     1.458 r  clk_IBUF_inst/O
                         net (fo=1, routed)           1.967     3.425    clk_IBUF
    BUFGCTRL_X0Y0        BUFG (Prop_bufg_I_O)         0.096     3.521 r  clk_IBUF_BUFG_inst/O
                         net (fo=464, routed)         1.568     5.089    u_systolic_top/u_systolic_array/gen_rows[3].gen_cols[0].pe_inst/clk_IBUF_BUFG
    SLICE_X8Y7           FDRE                                         r  u_systolic_top/u_systolic_array/gen_rows[3].gen_cols[0].pe_inst/acc_reg[0]/C
  -------------------------------------------------------------------    -------------------
    SLICE_X8Y7           FDRE (Prop_fdre_C_Q)         0.518     5.607 r  u_systolic_top/u_systolic_array/gen_rows[3].gen_cols[0].pe_inst/acc_reg[0]/Q
                         net (fo=2, routed)           1.190     6.797    u_systolic_top/u_systolic_array/gen_rows[1].gen_cols[0].pe_inst/out[0]
    SLICE_X2Y7           LUT6 (Prop_lut6_I2_O)        0.124     6.921 r  u_systolic_top/u_systolic_array/gen_rows[1].gen_cols[0].pe_inst/led_OBUF[8]_inst_i_3/O
                         net (fo=1, routed)           0.955     7.876    u_systolic_top/u_systolic_array/gen_rows[1].gen_cols[1].pe_inst/result2_in[0]
    SLICE_X6Y5           LUT6 (Prop_lut6_I1_O)        0.124     8.000 r  u_systolic_top/u_systolic_array/gen_rows[1].gen_cols[1].pe_inst/led_OBUF[8]_inst_i_1/O
                         net (fo=2, routed)           1.213     9.213    u_systolic_top/u_systolic_array/gen_rows[1].gen_cols[1].pe_inst/led_OBUF[0]
    SLICE_X12Y11         LUT6 (Prop_lut6_I1_O)        0.124     9.337 r  u_systolic_top/u_systolic_array/gen_rows[1].gen_cols[1].pe_inst/seg_OBUF[6]_inst_i_3/O
                         net (fo=7, routed)           1.461    10.798    u_systolic_top/u_systolic_array/gen_rows[1].gen_cols[1].pe_inst/u_7seg/current_nibble__31[0]
    SLICE_X14Y15         LUT4 (Prop_lut4_I3_O)        0.124    10.922 r  u_systolic_top/u_systolic_array/gen_rows[1].gen_cols[1].pe_inst/seg_OBUF[1]_inst_i_1/O
                         net (fo=1, routed)           3.360    14.283    seg_OBUF[1]
    W6                   OBUF (Prop_obuf_I_O)         3.529    17.812 r  seg_OBUF[1]_inst/O
                         net (fo=0)                   0.000    17.812    seg[1]
    W6                                                                r  seg[1] (OUT)
  -------------------------------------------------------------------    -------------------

Slack:                    inf
  Source:                 u_systolic_top/u_systolic_array/gen_rows[3].gen_cols[0].pe_inst/acc_reg[0]/C
                            (rising edge-triggered cell FDRE clocked by sys_clk_pin  {rise@0.000ns fall@5.000ns period=10.000ns})
  Destination:            seg[5]
                            (output port)
  Path Group:             (none)
  Path Type:              Max at Slow Process Corner
  Data Path Delay:        12.697ns  (logic 4.754ns (37.446%)  route 7.942ns (62.554%))
  Logic Levels:           5  (LUT4=1 LUT6=3 OBUF=1)
  Clock Uncertainty:      0.025ns  ((TSJ^2 + TIJ^2)^1/2 + DJ) / 2 + PE
    Total System Jitter     (TSJ):    0.050ns
    Total Input Jitter      (TIJ):    0.000ns
    Discrete Jitter          (DJ):    0.000ns
    Phase Error              (PE):    0.000ns

    Location             Delay type                Incr(ns)  Path(ns)    Netlist Resource(s)
  -------------------------------------------------------------------    -------------------
                         (clock sys_clk_pin rise edge)
                                                      0.000     0.000 r  
    W5                                                0.000     0.000 r  clk (IN)
                         net (fo=0)                   0.000     0.000    clk
    W5                   IBUF (Prop_ibuf_I_O)         1.458     1.458 r  clk_IBUF_inst/O
                         net (fo=1, routed)           1.967     3.425    clk_IBUF
    BUFGCTRL_X0Y0        BUFG (Prop_bufg_I_O)         0.096     3.521 r  clk_IBUF_BUFG_inst/O
                         net (fo=464, routed)         1.568     5.089    u_systolic_top/u_systolic_array/gen_rows[3].gen_cols[0].pe_inst/clk_IBUF_BUFG
    SLICE_X8Y7           FDRE                                         r  u_systolic_top/u_systolic_array/gen_rows[3].gen_cols[0].pe_inst/acc_reg[0]/C
  -------------------------------------------------------------------    -------------------
    SLICE_X8Y7           FDRE (Prop_fdre_C_Q)         0.518     5.607 r  u_systolic_top/u_systolic_array/gen_rows[3].gen_cols[0].pe_inst/acc_reg[0]/Q
                         net (fo=2, routed)           1.190     6.797    u_systolic_top/u_systolic_array/gen_rows[1].gen_cols[0].pe_inst/out[0]
    SLICE_X2Y7           LUT6 (Prop_lut6_I2_O)        0.124     6.921 r  u_systolic_top/u_systolic_array/gen_rows[1].gen_cols[0].pe_inst/led_OBUF[8]_inst_i_3/O
                         net (fo=1, routed)           0.955     7.876    u_systolic_top/u_systolic_array/gen_rows[1].gen_cols[1].pe_inst/result2_in[0]
    SLICE_X6Y5           LUT6 (Prop_lut6_I1_O)        0.124     8.000 r  u_systolic_top/u_systolic_array/gen_rows[1].gen_cols[1].pe_inst/led_OBUF[8]_inst_i_1/O
                         net (fo=2, routed)           1.213     9.213    u_systolic_top/u_systolic_array/gen_rows[1].gen_cols[1].pe_inst/led_OBUF[0]
    SLICE_X12Y11         LUT6 (Prop_lut6_I1_O)        0.124     9.337 r  u_systolic_top/u_systolic_array/gen_rows[1].gen_cols[1].pe_inst/seg_OBUF[6]_inst_i_3/O
                         net (fo=7, routed)           1.439    10.776    u_systolic_top/u_systolic_array/gen_rows[1].gen_cols[1].pe_inst/u_7seg/current_nibble__31[0]
    SLICE_X14Y15         LUT4 (Prop_lut4_I2_O)        0.153    10.929 r  u_systolic_top/u_systolic_array/gen_rows[1].gen_cols[1].pe_inst/seg_OBUF[5]_inst_i_1/O
                         net (fo=1, routed)           3.146    14.074    seg_OBUF[5]
    V5                   OBUF (Prop_obuf_I_O)         3.711    17.786 r  seg_OBUF[5]_inst/O
                         net (fo=0)                   0.000    17.786    seg[5]
    V5                                                                r  seg[5] (OUT)
  -------------------------------------------------------------------    -------------------

Slack:                    inf
  Source:                 u_systolic_top/u_systolic_array/gen_rows[3].gen_cols[0].pe_inst/acc_reg[0]/C
                            (rising edge-triggered cell FDRE clocked by sys_clk_pin  {rise@0.000ns fall@5.000ns period=10.000ns})
  Destination:            seg[4]
                            (output port)
  Path Group:             (none)
  Path Type:              Max at Slow Process Corner
  Data Path Delay:        12.656ns  (logic 4.534ns (35.825%)  route 8.122ns (64.175%))
  Logic Levels:           5  (LUT4=1 LUT6=3 OBUF=1)
  Clock Uncertainty:      0.025ns  ((TSJ^2 + TIJ^2)^1/2 + DJ) / 2 + PE
    Total System Jitter     (TSJ):    0.050ns
    Total Input Jitter      (TIJ):    0.000ns
    Discrete Jitter          (DJ):    0.000ns
    Phase Error              (PE):    0.000ns

    Location             Delay type                Incr(ns)  Path(ns)    Netlist Resource(s)
  -------------------------------------------------------------------    -------------------
                         (clock sys_clk_pin rise edge)
                                                      0.000     0.000 r  
    W5                                                0.000     0.000 r  clk (IN)
                         net (fo=0)                   0.000     0.000    clk
    W5                   IBUF (Prop_ibuf_I_O)         1.458     1.458 r  clk_IBUF_inst/O
                         net (fo=1, routed)           1.967     3.425    clk_IBUF
    BUFGCTRL_X0Y0        BUFG (Prop_bufg_I_O)         0.096     3.521 r  clk_IBUF_BUFG_inst/O
                         net (fo=464, routed)         1.568     5.089    u_systolic_top/u_systolic_array/gen_rows[3].gen_cols[0].pe_inst/clk_IBUF_BUFG
    SLICE_X8Y7           FDRE                                         r  u_systolic_top/u_systolic_array/gen_rows[3].gen_cols[0].pe_inst/acc_reg[0]/C
  -------------------------------------------------------------------    -------------------
    SLICE_X8Y7           FDRE (Prop_fdre_C_Q)         0.518     5.607 r  u_systolic_top/u_systolic_array/gen_rows[3].gen_cols[0].pe_inst/acc_reg[0]/Q
                         net (fo=2, routed)           1.190     6.797    u_systolic_top/u_systolic_array/gen_rows[1].gen_cols[0].pe_inst/out[0]
    SLICE_X2Y7           LUT6 (Prop_lut6_I2_O)        0.124     6.921 r  u_systolic_top/u_systolic_array/gen_rows[1].gen_cols[0].pe_inst/led_OBUF[8]_inst_i_3/O
                         net (fo=1, routed)           0.955     7.876    u_systolic_top/u_systolic_array/gen_rows[1].gen_cols[1].pe_inst/result2_in[0]
    SLICE_X6Y5           LUT6 (Prop_lut6_I1_O)        0.124     8.000 r  u_systolic_top/u_systolic_array/gen_rows[1].gen_cols[1].pe_inst/led_OBUF[8]_inst_i_1/O
                         net (fo=2, routed)           1.213     9.213    u_systolic_top/u_systolic_array/gen_rows[1].gen_cols[1].pe_inst/led_OBUF[0]
    SLICE_X12Y11         LUT6 (Prop_lut6_I1_O)        0.124     9.337 r  u_systolic_top/u_systolic_array/gen_rows[1].gen_cols[1].pe_inst/seg_OBUF[6]_inst_i_3/O
                         net (fo=7, routed)           1.439    10.776    u_systolic_top/u_systolic_array/gen_rows[1].gen_cols[1].pe_inst/u_7seg/current_nibble__31[0]
    SLICE_X14Y15         LUT4 (Prop_lut4_I3_O)        0.124    10.900 r  u_systolic_top/u_systolic_array/gen_rows[1].gen_cols[1].pe_inst/seg_OBUF[4]_inst_i_1/O
                         net (fo=1, routed)           3.325    14.225    seg_OBUF[4]
    U5                   OBUF (Prop_obuf_I_O)         3.520    17.745 r  seg_OBUF[4]_inst/O
                         net (fo=0)                   0.000    17.745    seg[4]
    U5                                                                r  seg[4] (OUT)
  -------------------------------------------------------------------    -------------------

Slack:                    inf
  Source:                 u_systolic_top/u_systolic_array/gen_rows[3].gen_cols[0].pe_inst/acc_reg[0]/C
                            (rising edge-triggered cell FDRE clocked by sys_clk_pin  {rise@0.000ns fall@5.000ns period=10.000ns})
  Destination:            seg[2]
                            (output port)
  Path Group:             (none)
  Path Type:              Max at Slow Process Corner
  Data Path Delay:        12.558ns  (logic 4.549ns (36.224%)  route 8.009ns (63.776%))
  Logic Levels:           5  (LUT4=1 LUT6=3 OBUF=1)
  Clock Uncertainty:      0.025ns  ((TSJ^2 + TIJ^2)^1/2 + DJ) / 2 + PE
    Total System Jitter     (TSJ):    0.050ns
    Total Input Jitter      (TIJ):    0.000ns
    Discrete Jitter          (DJ):    0.000ns
    Phase Error              (PE):    0.000ns

    Location             Delay type                Incr(ns)  Path(ns)    Netlist Resource(s)
  -------------------------------------------------------------------    -------------------
                         (clock sys_clk_pin rise edge)
                                                      0.000     0.000 r  
    W5                                                0.000     0.000 r  clk (IN)
                         net (fo=0)                   0.000     0.000    clk
    W5                   IBUF (Prop_ibuf_I_O)         1.458     1.458 r  clk_IBUF_inst/O
                         net (fo=1, routed)           1.967     3.425    clk_IBUF
    BUFGCTRL_X0Y0        BUFG (Prop_bufg_I_O)         0.096     3.521 r  clk_IBUF_BUFG_inst/O
                         net (fo=464, routed)         1.568     5.089    u_systolic_top/u_systolic_array/gen_rows[3].gen_cols[0].pe_inst/clk_IBUF_BUFG
    SLICE_X8Y7           FDRE                                         r  u_systolic_top/u_systolic_array/gen_rows[3].gen_cols[0].pe_inst/acc_reg[0]/C
  -------------------------------------------------------------------    -------------------
    SLICE_X8Y7           FDRE (Prop_fdre_C_Q)         0.518     5.607 f  u_systolic_top/u_systolic_array/gen_rows[3].gen_cols[0].pe_inst/acc_reg[0]/Q
                         net (fo=2, routed)           1.190     6.797    u_systolic_top/u_systolic_array/gen_rows[1].gen_cols[0].pe_inst/out[0]
    SLICE_X2Y7           LUT6 (Prop_lut6_I2_O)        0.124     6.921 f  u_systolic_top/u_systolic_array/gen_rows[1].gen_cols[0].pe_inst/led_OBUF[8]_inst_i_3/O
                         net (fo=1, routed)           0.955     7.876    u_systolic_top/u_systolic_array/gen_rows[1].gen_cols[1].pe_inst/result2_in[0]
    SLICE_X6Y5           LUT6 (Prop_lut6_I1_O)        0.124     8.000 f  u_systolic_top/u_systolic_array/gen_rows[1].gen_cols[1].pe_inst/led_OBUF[8]_inst_i_1/O
                         net (fo=2, routed)           1.213     9.213    u_systolic_top/u_systolic_array/gen_rows[1].gen_cols[1].pe_inst/led_OBUF[0]
    SLICE_X12Y11         LUT6 (Prop_lut6_I1_O)        0.124     9.337 f  u_systolic_top/u_systolic_array/gen_rows[1].gen_cols[1].pe_inst/seg_OBUF[6]_inst_i_3/O
                         net (fo=7, routed)           1.453    10.790    u_systolic_top/u_systolic_array/gen_rows[1].gen_cols[1].pe_inst/u_7seg/current_nibble__31[0]
    SLICE_X14Y15         LUT4 (Prop_lut4_I1_O)        0.124    10.914 r  u_systolic_top/u_systolic_array/gen_rows[1].gen_cols[1].pe_inst/seg_OBUF[2]_inst_i_1/O
                         net (fo=1, routed)           3.198    14.112    seg_OBUF[2]
    U8                   OBUF (Prop_obuf_I_O)         3.535    17.648 r  seg_OBUF[2]_inst/O
                         net (fo=0)                   0.000    17.648    seg[2]
    U8                                                                r  seg[2] (OUT)
  -------------------------------------------------------------------    -------------------

Slack:                    inf
  Source:                 u_systolic_top/u_systolic_array/gen_rows[3].gen_cols[0].pe_inst/acc_reg[0]/C
                            (rising edge-triggered cell FDRE clocked by sys_clk_pin  {rise@0.000ns fall@5.000ns period=10.000ns})
  Destination:            seg[3]
                            (output port)
  Path Group:             (none)
  Path Type:              Max at Slow Process Corner
  Data Path Delay:        12.531ns  (logic 4.802ns (38.318%)  route 7.729ns (61.682%))
  Logic Levels:           5  (LUT4=1 LUT6=3 OBUF=1)
  Clock Uncertainty:      0.025ns  ((TSJ^2 + TIJ^2)^1/2 + DJ) / 2 + PE
    Total System Jitter     (TSJ):    0.050ns
    Total Input Jitter      (TIJ):    0.000ns
    Discrete Jitter          (DJ):    0.000ns
    Phase Error              (PE):    0.000ns

    Location             Delay type                Incr(ns)  Path(ns)    Netlist Resource(s)
  -------------------------------------------------------------------    -------------------
                         (clock sys_clk_pin rise edge)
                                                      0.000     0.000 r  
    W5                                                0.000     0.000 r  clk (IN)
                         net (fo=0)                   0.000     0.000    clk
    W5                   IBUF (Prop_ibuf_I_O)         1.458     1.458 r  clk_IBUF_inst/O
                         net (fo=1, routed)           1.967     3.425    clk_IBUF
    BUFGCTRL_X0Y0        BUFG (Prop_bufg_I_O)         0.096     3.521 r  clk_IBUF_BUFG_inst/O
                         net (fo=464, routed)         1.568     5.089    u_systolic_top/u_systolic_array/gen_rows[3].gen_cols[0].pe_inst/clk_IBUF_BUFG
    SLICE_X8Y7           FDRE                                         r  u_systolic_top/u_systolic_array/gen_rows[3].gen_cols[0].pe_inst/acc_reg[0]/C
  -------------------------------------------------------------------    -------------------
    SLICE_X8Y7           FDRE (Prop_fdre_C_Q)         0.518     5.607 r  u_systolic_top/u_systolic_array/gen_rows[3].gen_cols[0].pe_inst/acc_reg[0]/Q
                         net (fo=2, routed)           1.190     6.797    u_systolic_top/u_systolic_array/gen_rows[1].gen_cols[0].pe_inst/out[0]
    SLICE_X2Y7           LUT6 (Prop_lut6_I2_O)        0.124     6.921 r  u_systolic_top/u_systolic_array/gen_rows[1].gen_cols[0].pe_inst/led_OBUF[8]_inst_i_3/O
                         net (fo=1, routed)           0.955     7.876    u_systolic_top/u_systolic_array/gen_rows[1].gen_cols[1].pe_inst/result2_in[0]
    SLICE_X6Y5           LUT6 (Prop_lut6_I1_O)        0.124     8.000 r  u_systolic_top/u_systolic_array/gen_rows[1].gen_cols[1].pe_inst/led_OBUF[8]_inst_i_1/O
                         net (fo=2, routed)           1.213     9.213    u_systolic_top/u_systolic_array/gen_rows[1].gen_cols[1].pe_inst/led_OBUF[0]
    SLICE_X12Y11         LUT6 (Prop_lut6_I1_O)        0.124     9.337 r  u_systolic_top/u_systolic_array/gen_rows[1].gen_cols[1].pe_inst/seg_OBUF[6]_inst_i_3/O
                         net (fo=7, routed)           1.453    10.790    u_systolic_top/u_systolic_array/gen_rows[1].gen_cols[1].pe_inst/u_7seg/current_nibble__31[0]
    SLICE_X14Y15         LUT4 (Prop_lut4_I2_O)        0.152    10.942 r  u_systolic_top/u_systolic_array/gen_rows[1].gen_cols[1].pe_inst/seg_OBUF[3]_inst_i_1/O
                         net (fo=1, routed)           2.918    13.861    seg_OBUF[3]
    V8                   OBUF (Prop_obuf_I_O)         3.760    17.620 r  seg_OBUF[3]_inst/O
                         net (fo=0)                   0.000    17.620    seg[3]
    V8                                                                r  seg[3] (OUT)
  -------------------------------------------------------------------    -------------------

Slack:                    inf
  Source:                 u_systolic_top/u_systolic_array/gen_rows[3].gen_cols[1].pe_inst/acc_reg[14]/C
                            (rising edge-triggered cell FDRE clocked by sys_clk_pin  {rise@0.000ns fall@5.000ns period=10.000ns})
  Destination:            seg[6]
                            (output port)
  Path Group:             (none)
  Path Type:              Max at Slow Process Corner
  Data Path Delay:        12.142ns  (logic 4.483ns (36.926%)  route 7.658ns (63.074%))
  Logic Levels:           5  (LUT4=1 LUT6=3 OBUF=1)
  Clock Uncertainty:      0.025ns  ((TSJ^2 + TIJ^2)^1/2 + DJ) / 2 + PE
    Total System Jitter     (TSJ):    0.050ns
    Total Input Jitter      (TIJ):    0.000ns
    Discrete Jitter          (DJ):    0.000ns
    Phase Error              (PE):    0.000ns

    Location             Delay type                Incr(ns)  Path(ns)    Netlist Resource(s)
  -------------------------------------------------------------------    -------------------
                         (clock sys_clk_pin rise edge)
                                                      0.000     0.000 r  
    W5                                                0.000     0.000 r  clk (IN)
                         net (fo=0)                   0.000     0.000    clk
    W5                   IBUF (Prop_ibuf_I_O)         1.458     1.458 r  clk_IBUF_inst/O
                         net (fo=1, routed)           1.967     3.425    clk_IBUF
    BUFGCTRL_X0Y0        BUFG (Prop_bufg_I_O)         0.096     3.521 r  clk_IBUF_BUFG_inst/O
                         net (fo=464, routed)         1.569     5.090    u_systolic_top/u_systolic_array/gen_rows[3].gen_cols[1].pe_inst/clk_IBUF_BUFG
    SLICE_X9Y4           FDRE                                         r  u_systolic_top/u_systolic_array/gen_rows[3].gen_cols[1].pe_inst/acc_reg[14]/C
  -------------------------------------------------------------------    -------------------
    SLICE_X9Y4           FDRE (Prop_fdre_C_Q)         0.456     5.546 r  u_systolic_top/u_systolic_array/gen_rows[3].gen_cols[1].pe_inst/acc_reg[14]/Q
                         net (fo=2, routed)           1.197     6.743    u_systolic_top/u_systolic_array/gen_rows[1].gen_cols[1].pe_inst/out[14]
    SLICE_X7Y5           LUT6 (Prop_lut6_I2_O)        0.124     6.867 r  u_systolic_top/u_systolic_array/gen_rows[1].gen_cols[1].pe_inst/seg_OBUF[6]_inst_i_30/O
                         net (fo=1, routed)           1.412     8.279    u_systolic_top/u_systolic_array/gen_rows[1].gen_cols[1].pe_inst/result1_in[14]
    SLICE_X13Y10         LUT6 (Prop_lut6_I0_O)        0.124     8.403 r  u_systolic_top/u_systolic_array/gen_rows[1].gen_cols[1].pe_inst/seg_OBUF[6]_inst_i_10/O
                         net (fo=1, routed)           0.946     9.350    u_systolic_top/u_systolic_array/gen_rows[1].gen_cols[1].pe_inst/seg_OBUF[6]_inst_i_10_n_0
    SLICE_X13Y11         LUT6 (Prop_lut6_I2_O)        0.124     9.474 r  u_systolic_top/u_systolic_array/gen_rows[1].gen_cols[1].pe_inst/seg_OBUF[6]_inst_i_4/O
                         net (fo=7, routed)           0.964    10.438    u_systolic_top/u_systolic_array/gen_rows[1].gen_cols[1].pe_inst/u_7seg/current_nibble__31[2]
    SLICE_X14Y11         LUT4 (Prop_lut4_I2_O)        0.124    10.562 r  u_systolic_top/u_systolic_array/gen_rows[1].gen_cols[1].pe_inst/seg_OBUF[6]_inst_i_1/O
                         net (fo=1, routed)           3.139    13.701    seg_OBUF[6]
    U7                   OBUF (Prop_obuf_I_O)         3.531    17.232 r  seg_OBUF[6]_inst/O
                         net (fo=0)                   0.000    17.232    seg[6]
    U7                                                                r  seg[6] (OUT)
  -------------------------------------------------------------------    -------------------

Slack:                    inf
  Source:                 u_systolic_top/u_systolic_array/gen_rows[0].gen_cols[3].pe_inst/acc_reg[4]/C
                            (rising edge-triggered cell FDRE clocked by sys_clk_pin  {rise@0.000ns fall@5.000ns period=10.000ns})
  Destination:            led[12]
                            (output port)
  Path Group:             (none)
  Path Type:              Max at Slow Process Corner
  Data Path Delay:        11.872ns  (logic 4.284ns (36.086%)  route 7.588ns (63.914%))
  Logic Levels:           3  (LUT6=2 OBUF=1)
  Clock Uncertainty:      0.025ns  ((TSJ^2 + TIJ^2)^1/2 + DJ) / 2 + PE
    Total System Jitter     (TSJ):    0.050ns
    Total Input Jitter      (TIJ):    0.000ns
    Discrete Jitter          (DJ):    0.000ns
    Phase Error              (PE):    0.000ns

    Location             Delay type                Incr(ns)  Path(ns)    Netlist Resource(s)
  -------------------------------------------------------------------    -------------------
                         (clock sys_clk_pin rise edge)
                                                      0.000     0.000 r  
    W5                                                0.000     0.000 r  clk (IN)
                         net (fo=0)                   0.000     0.000    clk
    W5                   IBUF (Prop_ibuf_I_O)         1.458     1.458 r  clk_IBUF_inst/O
                         net (fo=1, routed)           1.967     3.425    clk_IBUF
    BUFGCTRL_X0Y0        BUFG (Prop_bufg_I_O)         0.096     3.521 r  clk_IBUF_BUFG_inst/O
                         net (fo=464, routed)         1.570     5.091    u_systolic_top/u_systolic_array/gen_rows[0].gen_cols[3].pe_inst/clk_IBUF_BUFG
    SLICE_X12Y1          FDRE                                         r  u_systolic_top/u_systolic_array/gen_rows[0].gen_cols[3].pe_inst/acc_reg[4]/C
  -------------------------------------------------------------------    -------------------
    SLICE_X12Y1          FDRE (Prop_fdre_C_Q)         0.518     5.609 r  u_systolic_top/u_systolic_array/gen_rows[0].gen_cols[3].pe_inst/acc_reg[4]/Q
                         net (fo=2, routed)           0.965     6.575    u_systolic_top/u_systolic_array/gen_rows[1].gen_cols[3].pe_inst/led_OBUF[15]_inst_i_1[4]
    SLICE_X12Y4          LUT6 (Prop_lut6_I1_O)        0.124     6.699 r  u_systolic_top/u_systolic_array/gen_rows[1].gen_cols[3].pe_inst/led_OBUF[12]_inst_i_4/O
                         net (fo=1, routed)           1.188     7.886    u_systolic_top/u_systolic_array/gen_rows[1].gen_cols[1].pe_inst/result[4]
    SLICE_X10Y9          LUT6 (Prop_lut6_I2_O)        0.124     8.010 r  u_systolic_top/u_systolic_array/gen_rows[1].gen_cols[1].pe_inst/led_OBUF[12]_inst_i_1/O
                         net (fo=2, routed)           5.435    13.445    led_OBUF[12]
    P3                   OBUF (Prop_obuf_I_O)         3.518    16.963 r  led_OBUF[12]_inst/O
                         net (fo=0)                   0.000    16.963    led[12]
    P3                                                                r  led[12] (OUT)
  -------------------------------------------------------------------    -------------------

Slack:                    inf
  Source:                 u_systolic_top/u_systolic_array/gen_rows[1].gen_cols[1].pe_inst/acc_reg[7]/C
                            (rising edge-triggered cell FDRE clocked by sys_clk_pin  {rise@0.000ns fall@5.000ns period=10.000ns})
  Destination:            led[15]
                            (output port)
  Path Group:             (none)
  Path Type:              Max at Slow Process Corner
  Data Path Delay:        11.697ns  (logic 4.225ns (36.123%)  route 7.472ns (63.877%))
  Logic Levels:           3  (LUT6=2 OBUF=1)
  Clock Uncertainty:      0.025ns  ((TSJ^2 + TIJ^2)^1/2 + DJ) / 2 + PE
    Total System Jitter     (TSJ):    0.050ns
    Total Input Jitter      (TIJ):    0.000ns
    Discrete Jitter          (DJ):    0.000ns
    Phase Error              (PE):    0.000ns

    Location             Delay type                Incr(ns)  Path(ns)    Netlist Resource(s)
  -------------------------------------------------------------------    -------------------
                         (clock sys_clk_pin rise edge)
                                                      0.000     0.000 r  
    W5                                                0.000     0.000 r  clk (IN)
                         net (fo=0)                   0.000     0.000    clk
    W5                   IBUF (Prop_ibuf_I_O)         1.458     1.458 r  clk_IBUF_inst/O
                         net (fo=1, routed)           1.967     3.425    clk_IBUF
    BUFGCTRL_X0Y0        BUFG (Prop_bufg_I_O)         0.096     3.521 r  clk_IBUF_BUFG_inst/O
                         net (fo=464, routed)         1.635     5.156    u_systolic_top/u_systolic_array/gen_rows[1].gen_cols[1].pe_inst/clk_IBUF_BUFG
    SLICE_X4Y3           FDRE                                         r  u_systolic_top/u_systolic_array/gen_rows[1].gen_cols[1].pe_inst/acc_reg[7]/C
  -------------------------------------------------------------------    -------------------
    SLICE_X4Y3           FDRE (Prop_fdre_C_Q)         0.456     5.612 r  u_systolic_top/u_systolic_array/gen_rows[1].gen_cols[1].pe_inst/acc_reg[7]/Q
                         net (fo=2, routed)           1.250     6.862    u_systolic_top/u_systolic_array/gen_rows[1].gen_cols[1].pe_inst/acc_reg_0[7]
    SLICE_X6Y4           LUT6 (Prop_lut6_I0_O)        0.124     6.986 r  u_systolic_top/u_systolic_array/gen_rows[1].gen_cols[1].pe_inst/led_OBUF[15]_inst_i_2/O
                         net (fo=1, routed)           0.648     7.635    u_systolic_top/u_systolic_array/gen_rows[1].gen_cols[1].pe_inst/result1_in[7]
    SLICE_X9Y6           LUT6 (Prop_lut6_I0_O)        0.124     7.759 r  u_systolic_top/u_systolic_array/gen_rows[1].gen_cols[1].pe_inst/led_OBUF[15]_inst_i_1/O
                         net (fo=2, routed)           5.573    13.332    led_OBUF[15]
    L1                   OBUF (Prop_obuf_I_O)         3.521    16.854 r  led_OBUF[15]_inst/O
                         net (fo=0)                   0.000    16.854    led[15]
    L1                                                                r  led[15] (OUT)
  -------------------------------------------------------------------    -------------------

Slack:                    inf
  Source:                 u_systolic_top/u_systolic_array/gen_rows[1].gen_cols[0].pe_inst/acc_reg[5]/C
                            (rising edge-triggered cell FDRE clocked by sys_clk_pin  {rise@0.000ns fall@5.000ns period=10.000ns})
  Destination:            led[13]
                            (output port)
  Path Group:             (none)
  Path Type:              Max at Slow Process Corner
  Data Path Delay:        11.088ns  (logic 4.273ns (38.540%)  route 6.815ns (61.460%))
  Logic Levels:           3  (LUT6=2 OBUF=1)
  Clock Uncertainty:      0.025ns  ((TSJ^2 + TIJ^2)^1/2 + DJ) / 2 + PE
    Total System Jitter     (TSJ):    0.050ns
    Total Input Jitter      (TIJ):    0.000ns
    Discrete Jitter          (DJ):    0.000ns
    Phase Error              (PE):    0.000ns

    Location             Delay type                Incr(ns)  Path(ns)    Netlist Resource(s)
  -------------------------------------------------------------------    -------------------
                         (clock sys_clk_pin rise edge)
                                                      0.000     0.000 r  
    W5                                                0.000     0.000 r  clk (IN)
                         net (fo=0)                   0.000     0.000    clk
    W5                   IBUF (Prop_ibuf_I_O)         1.458     1.458 r  clk_IBUF_inst/O
                         net (fo=1, routed)           1.967     3.425    clk_IBUF
    BUFGCTRL_X0Y0        BUFG (Prop_bufg_I_O)         0.096     3.521 r  clk_IBUF_BUFG_inst/O
                         net (fo=464, routed)         1.634     5.155    u_systolic_top/u_systolic_array/gen_rows[1].gen_cols[0].pe_inst/clk_IBUF_BUFG
    SLICE_X6Y8           FDRE                                         r  u_systolic_top/u_systolic_array/gen_rows[1].gen_cols[0].pe_inst/acc_reg[5]/C
  -------------------------------------------------------------------    -------------------
    SLICE_X6Y8           FDRE (Prop_fdre_C_Q)         0.518     5.673 r  u_systolic_top/u_systolic_array/gen_rows[1].gen_cols[0].pe_inst/acc_reg[5]/Q
                         net (fo=2, routed)           0.965     6.639    u_systolic_top/u_systolic_array/gen_rows[1].gen_cols[0].pe_inst/acc_reg_0[5]
    SLICE_X4Y9           LUT6 (Prop_lut6_I0_O)        0.124     6.763 r  u_systolic_top/u_systolic_array/gen_rows[1].gen_cols[0].pe_inst/led_OBUF[13]_inst_i_3/O
                         net (fo=1, routed)           1.037     7.800    u_systolic_top/u_systolic_array/gen_rows[1].gen_cols[1].pe_inst/result2_in[5]
    SLICE_X9Y9           LUT6 (Prop_lut6_I1_O)        0.124     7.924 r  u_systolic_top/u_systolic_array/gen_rows[1].gen_cols[1].pe_inst/led_OBUF[13]_inst_i_1/O
                         net (fo=2, routed)           4.812    12.736    led_OBUF[13]
    N3                   OBUF (Prop_obuf_I_O)         3.507    16.243 r  led_OBUF[13]_inst/O
                         net (fo=0)                   0.000    16.243    led[13]
    N3                                                                r  led[13] (OUT)
  -------------------------------------------------------------------    -------------------





Min Delay Paths
--------------------------------------------------------------------------------------
Slack:                    inf
  Source:                 u_systolic_top/u_controller/FSM_onehot_state_reg[3]/C
                            (rising edge-triggered cell FDRE clocked by sys_clk_pin  {rise@0.000ns fall@5.000ns period=10.000ns})
  Destination:            led[0]
                            (output port)
  Path Group:             (none)
  Path Type:              Min at Fast Process Corner
  Data Path Delay:        1.862ns  (logic 1.347ns (72.352%)  route 0.515ns (27.648%))
  Logic Levels:           1  (OBUF=1)
  Clock Uncertainty:      0.025ns  ((TSJ^2 + TIJ^2)^1/2 + DJ) / 2 + PE
    Total System Jitter     (TSJ):    0.050ns
    Total Input Jitter      (TIJ):    0.000ns
    Discrete Jitter          (DJ):    0.000ns
    Phase Error              (PE):    0.000ns

    Location             Delay type                Incr(ns)  Path(ns)    Netlist Resource(s)
  -------------------------------------------------------------------    -------------------
                         (clock sys_clk_pin rise edge)
                                                      0.000     0.000 r  
    W5                                                0.000     0.000 r  clk (IN)
                         net (fo=0)                   0.000     0.000    clk
    W5                   IBUF (Prop_ibuf_I_O)         0.226     0.226 r  clk_IBUF_inst/O
                         net (fo=1, routed)           0.631     0.858    clk_IBUF
    BUFGCTRL_X0Y0        BUFG (Prop_bufg_I_O)         0.026     0.884 r  clk_IBUF_BUFG_inst/O
                         net (fo=464, routed)         0.593     1.476    u_systolic_top/u_controller/clk_IBUF_BUFG
    SLICE_X1Y10          FDRE                                         r  u_systolic_top/u_controller/FSM_onehot_state_reg[3]/C
  -------------------------------------------------------------------    -------------------
    SLICE_X1Y10          FDRE (Prop_fdre_C_Q)         0.141     1.617 r  u_systolic_top/u_controller/FSM_onehot_state_reg[3]/Q
                         net (fo=4, routed)           0.515     2.132    led_OBUF[0]
    U16                  OBUF (Prop_obuf_I_O)         1.206     3.338 r  led_OBUF[0]_inst/O
                         net (fo=0)                   0.000     3.338    led[0]
    U16                                                               r  led[0] (OUT)
  -------------------------------------------------------------------    -------------------

Slack:                    inf
  Source:                 u_systolic_top/u_systolic_array/gen_rows[0].gen_cols[1].pe_inst/acc_reg[0]/C
                            (rising edge-triggered cell FDRE clocked by sys_clk_pin  {rise@0.000ns fall@5.000ns period=10.000ns})
  Destination:            led[8]
                            (output port)
  Path Group:             (none)
  Path Type:              Min at Fast Process Corner
  Data Path Delay:        2.234ns  (logic 1.436ns (64.281%)  route 0.798ns (35.719%))
  Logic Levels:           3  (LUT6=2 OBUF=1)
  Clock Uncertainty:      0.025ns  ((TSJ^2 + TIJ^2)^1/2 + DJ) / 2 + PE
    Total System Jitter     (TSJ):    0.050ns
    Total Input Jitter      (TIJ):    0.000ns
    Discrete Jitter          (DJ):    0.000ns
    Phase Error              (PE):    0.000ns

    Location             Delay type                Incr(ns)  Path(ns)    Netlist Resource(s)
  -------------------------------------------------------------------    -------------------
                         (clock sys_clk_pin rise edge)
                                                      0.000     0.000 r  
    W5                                                0.000     0.000 r  clk (IN)
                         net (fo=0)                   0.000     0.000    clk
    W5                   IBUF (Prop_ibuf_I_O)         0.226     0.226 r  clk_IBUF_inst/O
                         net (fo=1, routed)           0.631     0.858    clk_IBUF
    BUFGCTRL_X0Y0        BUFG (Prop_bufg_I_O)         0.026     0.884 r  clk_IBUF_BUFG_inst/O
                         net (fo=464, routed)         0.594     1.477    u_systolic_top/u_systolic_array/gen_rows[0].gen_cols[1].pe_inst/clk_IBUF_BUFG
    SLICE_X7Y1           FDRE                                         r  u_systolic_top/u_systolic_array/gen_rows[0].gen_cols[1].pe_inst/acc_reg[0]/C
  -------------------------------------------------------------------    -------------------
    SLICE_X7Y1           FDRE (Prop_fdre_C_Q)         0.141     1.618 r  u_systolic_top/u_systolic_array/gen_rows[0].gen_cols[1].pe_inst/acc_reg[0]/Q
                         net (fo=2, routed)           0.098     1.716    u_systolic_top/u_systolic_array/gen_rows[1].gen_cols[1].pe_inst/led_OBUF[15]_inst_i_1_0[0]
    SLICE_X6Y1           LUT6 (Prop_lut6_I1_O)        0.045     1.761 r  u_systolic_top/u_systolic_array/gen_rows[1].gen_cols[1].pe_inst/led_OBUF[8]_inst_i_2/O
                         net (fo=1, routed)           0.280     2.042    u_systolic_top/u_systolic_array/gen_rows[1].gen_cols[1].pe_inst/result1_in[0]
    SLICE_X6Y5           LUT6 (Prop_lut6_I0_O)        0.045     2.087 r  u_systolic_top/u_systolic_array/gen_rows[1].gen_cols[1].pe_inst/led_OBUF[8]_inst_i_1/O
                         net (fo=2, routed)           0.420     2.506    led_OBUF[8]
    V13                  OBUF (Prop_obuf_I_O)         1.205     3.711 r  led_OBUF[8]_inst/O
                         net (fo=0)                   0.000     3.711    led[8]
    V13                                                               r  led[8] (OUT)
  -------------------------------------------------------------------    -------------------

Slack:                    inf
  Source:                 btnC_d_reg/C
                            (rising edge-triggered cell FDRE clocked by sys_clk_pin  {rise@0.000ns fall@5.000ns period=10.000ns})
  Destination:            led[1]
                            (output port)
  Path Group:             (none)
  Path Type:              Min at Fast Process Corner
  Data Path Delay:        2.552ns  (logic 1.480ns (57.983%)  route 1.072ns (42.017%))
  Logic Levels:           2  (LUT2=1 OBUF=1)
  Clock Uncertainty:      0.025ns  ((TSJ^2 + TIJ^2)^1/2 + DJ) / 2 + PE
    Total System Jitter     (TSJ):    0.050ns
    Total Input Jitter      (TIJ):    0.000ns
    Discrete Jitter          (DJ):    0.000ns
    Phase Error              (PE):    0.000ns

    Location             Delay type                Incr(ns)  Path(ns)    Netlist Resource(s)
  -------------------------------------------------------------------    -------------------
                         (clock sys_clk_pin rise edge)
                                                      0.000     0.000 r  
    W5                                                0.000     0.000 r  clk (IN)
                         net (fo=0)                   0.000     0.000    clk
    W5                   IBUF (Prop_ibuf_I_O)         0.226     0.226 r  clk_IBUF_inst/O
                         net (fo=1, routed)           0.631     0.858    clk_IBUF
    BUFGCTRL_X0Y0        BUFG (Prop_bufg_I_O)         0.026     0.884 r  clk_IBUF_BUFG_inst/O
                         net (fo=464, routed)         0.592     1.475    clk_IBUF_BUFG
    SLICE_X0Y12          FDRE                                         r  btnC_d_reg/C
  -------------------------------------------------------------------    -------------------
    SLICE_X0Y12          FDRE (Prop_fdre_C_Q)         0.141     1.616 f  btnC_d_reg/Q
                         net (fo=76, routed)          0.228     1.844    u_systolic_top/u_controller/btnC_d
    SLICE_X0Y11          LUT2 (Prop_lut2_I1_O)        0.046     1.890 r  u_systolic_top/u_controller/led_OBUF[1]_inst_i_1/O
                         net (fo=1, routed)           0.844     2.734    led_OBUF[1]
    E19                  OBUF (Prop_obuf_I_O)         1.293     4.027 r  led_OBUF[1]_inst/O
                         net (fo=0)                   0.000     4.027    led[1]
    E19                                                               r  led[1] (OUT)
  -------------------------------------------------------------------    -------------------

Slack:                    inf
  Source:                 u_7seg/refresh_counter_reg[16]/C
                            (rising edge-triggered cell FDRE clocked by sys_clk_pin  {rise@0.000ns fall@5.000ns period=10.000ns})
  Destination:            an[0]
                            (output port)
  Path Group:             (none)
  Path Type:              Min at Fast Process Corner
  Data Path Delay:        3.060ns  (logic 1.457ns (47.612%)  route 1.603ns (52.388%))
  Logic Levels:           2  (LUT2=1 OBUF=1)
  Clock Uncertainty:      0.025ns  ((TSJ^2 + TIJ^2)^1/2 + DJ) / 2 + PE
    Total System Jitter     (TSJ):    0.050ns
    Total Input Jitter      (TIJ):    0.000ns
    Discrete Jitter          (DJ):    0.000ns
    Phase Error              (PE):    0.000ns

    Location             Delay type                Incr(ns)  Path(ns)    Netlist Resource(s)
  -------------------------------------------------------------------    -------------------
                         (clock sys_clk_pin rise edge)
                                                      0.000     0.000 r  
    W5                                                0.000     0.000 r  clk (IN)
                         net (fo=0)                   0.000     0.000    clk
    W5                   IBUF (Prop_ibuf_I_O)         0.226     0.226 r  clk_IBUF_inst/O
                         net (fo=1, routed)           0.631     0.858    clk_IBUF
    BUFGCTRL_X0Y0        BUFG (Prop_bufg_I_O)         0.026     0.884 r  clk_IBUF_BUFG_inst/O
                         net (fo=464, routed)         0.591     1.474    u_7seg/clk_IBUF_BUFG
    SLICE_X5Y11          FDRE                                         r  u_7seg/refresh_counter_reg[16]/C
  -------------------------------------------------------------------    -------------------
    SLICE_X5Y11          FDRE (Prop_fdre_C_Q)         0.141     1.615 r  u_7seg/refresh_counter_reg[16]/Q
                         net (fo=9, routed)           0.555     2.170    u_7seg/active_digit[0]
    SLICE_X13Y15         LUT2 (Prop_lut2_I1_O)        0.045     2.215 r  u_7seg/an_OBUF[0]_inst_i_1/O
                         net (fo=1, routed)           1.048     3.263    an_OBUF[0]
    U2                   OBUF (Prop_obuf_I_O)         1.271     4.534 r  an_OBUF[0]_inst/O
                         net (fo=0)                   0.000     4.534    an[0]
    U2                                                                r  an[0] (OUT)
  -------------------------------------------------------------------    -------------------

Slack:                    inf
  Source:                 u_7seg/refresh_counter_reg[16]/C
                            (rising edge-triggered cell FDRE clocked by sys_clk_pin  {rise@0.000ns fall@5.000ns period=10.000ns})
  Destination:            an[3]
                            (output port)
  Path Group:             (none)
  Path Type:              Min at Fast Process Corner
  Data Path Delay:        3.132ns  (logic 1.397ns (44.619%)  route 1.734ns (55.381%))
  Logic Levels:           2  (LUT2=1 OBUF=1)
  Clock Uncertainty:      0.025ns  ((TSJ^2 + TIJ^2)^1/2 + DJ) / 2 + PE
    Total System Jitter     (TSJ):    0.050ns
    Total Input Jitter      (TIJ):    0.000ns
    Discrete Jitter          (DJ):    0.000ns
    Phase Error              (PE):    0.000ns

    Location             Delay type                Incr(ns)  Path(ns)    Netlist Resource(s)
  -------------------------------------------------------------------    -------------------
                         (clock sys_clk_pin rise edge)
                                                      0.000     0.000 r  
    W5                                                0.000     0.000 r  clk (IN)
                         net (fo=0)                   0.000     0.000    clk
    W5                   IBUF (Prop_ibuf_I_O)         0.226     0.226 r  clk_IBUF_inst/O
                         net (fo=1, routed)           0.631     0.858    clk_IBUF
    BUFGCTRL_X0Y0        BUFG (Prop_bufg_I_O)         0.026     0.884 r  clk_IBUF_BUFG_inst/O
                         net (fo=464, routed)         0.591     1.474    u_7seg/clk_IBUF_BUFG
    SLICE_X5Y11          FDRE                                         r  u_7seg/refresh_counter_reg[16]/C
  -------------------------------------------------------------------    -------------------
    SLICE_X5Y11          FDRE (Prop_fdre_C_Q)         0.141     1.615 f  u_7seg/refresh_counter_reg[16]/Q
                         net (fo=9, routed)           0.555     2.170    u_7seg/active_digit[0]
    SLICE_X13Y15         LUT2 (Prop_lut2_I1_O)        0.045     2.215 r  u_7seg/an_OBUF[3]_inst_i_1/O
                         net (fo=1, routed)           1.180     3.395    an_OBUF[3]
    W4                   OBUF (Prop_obuf_I_O)         1.211     4.606 r  an_OBUF[3]_inst/O
                         net (fo=0)                   0.000     4.606    an[3]
    W4                                                                r  an[3] (OUT)
  -------------------------------------------------------------------    -------------------

Slack:                    inf
  Source:                 u_7seg/refresh_counter_reg[17]/C
                            (rising edge-triggered cell FDRE clocked by sys_clk_pin  {rise@0.000ns fall@5.000ns period=10.000ns})
  Destination:            an[1]
                            (output port)
  Path Group:             (none)
  Path Type:              Min at Fast Process Corner
  Data Path Delay:        3.180ns  (logic 1.386ns (43.598%)  route 1.793ns (56.402%))
  Logic Levels:           2  (LUT2=1 OBUF=1)
  Clock Uncertainty:      0.025ns  ((TSJ^2 + TIJ^2)^1/2 + DJ) / 2 + PE
    Total System Jitter     (TSJ):    0.050ns
    Total Input Jitter      (TIJ):    0.000ns
    Discrete Jitter          (DJ):    0.000ns
    Phase Error              (PE):    0.000ns

    Location             Delay type                Incr(ns)  Path(ns)    Netlist Resource(s)
  -------------------------------------------------------------------    -------------------
                         (clock sys_clk_pin rise edge)
                                                      0.000     0.000 r  
    W5                                                0.000     0.000 r  clk (IN)
                         net (fo=0)                   0.000     0.000    clk
    W5                   IBUF (Prop_ibuf_I_O)         0.226     0.226 r  clk_IBUF_inst/O
                         net (fo=1, routed)           0.631     0.858    clk_IBUF
    BUFGCTRL_X0Y0        BUFG (Prop_bufg_I_O)         0.026     0.884 r  clk_IBUF_BUFG_inst/O
                         net (fo=464, routed)         0.591     1.474    u_7seg/clk_IBUF_BUFG
    SLICE_X5Y11          FDRE                                         r  u_7seg/refresh_counter_reg[17]/C
  -------------------------------------------------------------------    -------------------
    SLICE_X5Y11          FDRE (Prop_fdre_C_Q)         0.141     1.615 r  u_7seg/refresh_counter_reg[17]/Q
                         net (fo=9, routed)           0.540     2.155    u_7seg/active_digit[1]
    SLICE_X13Y15         LUT2 (Prop_lut2_I0_O)        0.045     2.200 r  u_7seg/an_OBUF[1]_inst_i_1/O
                         net (fo=1, routed)           1.254     3.454    an_OBUF[1]
    U4                   OBUF (Prop_obuf_I_O)         1.200     4.654 r  an_OBUF[1]_inst/O
                         net (fo=0)                   0.000     4.654    an[1]
    U4                                                                r  an[1] (OUT)
  -------------------------------------------------------------------    -------------------

Slack:                    inf
  Source:                 u_7seg/refresh_counter_reg[16]/C
                            (rising edge-triggered cell FDRE clocked by sys_clk_pin  {rise@0.000ns fall@5.000ns period=10.000ns})
  Destination:            seg[3]
                            (output port)
  Path Group:             (none)
  Path Type:              Min at Fast Process Corner
  Data Path Delay:        3.203ns  (logic 1.538ns (48.036%)  route 1.664ns (51.964%))
  Logic Levels:           3  (LUT4=1 LUT6=1 OBUF=1)
  Clock Uncertainty:      0.025ns  ((TSJ^2 + TIJ^2)^1/2 + DJ) / 2 + PE
    Total System Jitter     (TSJ):    0.050ns
    Total Input Jitter      (TIJ):    0.000ns
    Discrete Jitter          (DJ):    0.000ns
    Phase Error              (PE):    0.000ns

    Location             Delay type                Incr(ns)  Path(ns)    Netlist Resource(s)
  -------------------------------------------------------------------    -------------------
                         (clock sys_clk_pin rise edge)
                                                      0.000     0.000 r  
    W5                                                0.000     0.000 r  clk (IN)
                         net (fo=0)                   0.000     0.000    clk
    W5                   IBUF (Prop_ibuf_I_O)         0.226     0.226 r  clk_IBUF_inst/O
                         net (fo=1, routed)           0.631     0.858    clk_IBUF
    BUFGCTRL_X0Y0        BUFG (Prop_bufg_I_O)         0.026     0.884 r  clk_IBUF_BUFG_inst/O
                         net (fo=464, routed)         0.591     1.474    u_7seg/clk_IBUF_BUFG
    SLICE_X5Y11          FDRE                                         r  u_7seg/refresh_counter_reg[16]/C
  -------------------------------------------------------------------    -------------------
    SLICE_X5Y11          FDRE (Prop_fdre_C_Q)         0.141     1.615 r  u_7seg/refresh_counter_reg[16]/Q
                         net (fo=9, routed)           0.362     1.977    u_systolic_top/u_systolic_array/gen_rows[1].gen_cols[1].pe_inst/active_digit[0]
    SLICE_X13Y11         LUT6 (Prop_lut6_I4_O)        0.045     2.022 r  u_systolic_top/u_systolic_array/gen_rows[1].gen_cols[1].pe_inst/seg_OBUF[6]_inst_i_4/O
                         net (fo=7, routed)           0.350     2.372    u_systolic_top/u_systolic_array/gen_rows[1].gen_cols[1].pe_inst/u_7seg/current_nibble__31[2]
    SLICE_X14Y15         LUT4 (Prop_lut4_I1_O)        0.043     2.415 r  u_systolic_top/u_systolic_array/gen_rows[1].gen_cols[1].pe_inst/seg_OBUF[3]_inst_i_1/O
                         net (fo=1, routed)           0.952     3.367    seg_OBUF[3]
    V8                   OBUF (Prop_obuf_I_O)         1.309     4.677 r  seg_OBUF[3]_inst/O
                         net (fo=0)                   0.000     4.677    seg[3]
    V8                                                                r  seg[3] (OUT)
  -------------------------------------------------------------------    -------------------

Slack:                    inf
  Source:                 u_7seg/refresh_counter_reg[16]/C
                            (rising edge-triggered cell FDRE clocked by sys_clk_pin  {rise@0.000ns fall@5.000ns period=10.000ns})
  Destination:            seg[6]
                            (output port)
  Path Group:             (none)
  Path Type:              Min at Fast Process Corner
  Data Path Delay:        3.203ns  (logic 1.463ns (45.689%)  route 1.740ns (54.311%))
  Logic Levels:           3  (LUT4=1 LUT6=1 OBUF=1)
  Clock Uncertainty:      0.025ns  ((TSJ^2 + TIJ^2)^1/2 + DJ) / 2 + PE
    Total System Jitter     (TSJ):    0.050ns
    Total Input Jitter      (TIJ):    0.000ns
    Discrete Jitter          (DJ):    0.000ns
    Phase Error              (PE):    0.000ns

    Location             Delay type                Incr(ns)  Path(ns)    Netlist Resource(s)
  -------------------------------------------------------------------    -------------------
                         (clock sys_clk_pin rise edge)
                                                      0.000     0.000 r  
    W5                                                0.000     0.000 r  clk (IN)
                         net (fo=0)                   0.000     0.000    clk
    W5                   IBUF (Prop_ibuf_I_O)         0.226     0.226 r  clk_IBUF_inst/O
                         net (fo=1, routed)           0.631     0.858    clk_IBUF
    BUFGCTRL_X0Y0        BUFG (Prop_bufg_I_O)         0.026     0.884 r  clk_IBUF_BUFG_inst/O
                         net (fo=464, routed)         0.591     1.474    u_7seg/clk_IBUF_BUFG
    SLICE_X5Y11          FDRE                                         r  u_7seg/refresh_counter_reg[16]/C
  -------------------------------------------------------------------    -------------------
    SLICE_X5Y11          FDRE (Prop_fdre_C_Q)         0.141     1.615 r  u_7seg/refresh_counter_reg[16]/Q
                         net (fo=9, routed)           0.472     2.087    u_systolic_top/u_systolic_array/gen_rows[1].gen_cols[1].pe_inst/active_digit[0]
    SLICE_X12Y11         LUT6 (Prop_lut6_I4_O)        0.045     2.132 r  u_systolic_top/u_systolic_array/gen_rows[1].gen_cols[1].pe_inst/seg_OBUF[6]_inst_i_3/O
                         net (fo=7, routed)           0.192     2.324    u_systolic_top/u_systolic_array/gen_rows[1].gen_cols[1].pe_inst/u_7seg/current_nibble__31[0]
    SLICE_X14Y11         LUT4 (Prop_lut4_I1_O)        0.045     2.369 r  u_systolic_top/u_systolic_array/gen_rows[1].gen_cols[1].pe_inst/seg_OBUF[6]_inst_i_1/O
                         net (fo=1, routed)           1.076     3.445    seg_OBUF[6]
    U7                   OBUF (Prop_obuf_I_O)         1.232     4.677 r  seg_OBUF[6]_inst/O
                         net (fo=0)                   0.000     4.677    seg[6]
    U7                                                                r  seg[6] (OUT)
  -------------------------------------------------------------------    -------------------

Slack:                    inf
  Source:                 u_7seg/refresh_counter_reg[17]/C
                            (rising edge-triggered cell FDRE clocked by sys_clk_pin  {rise@0.000ns fall@5.000ns period=10.000ns})
  Destination:            an[2]
                            (output port)
  Path Group:             (none)
  Path Type:              Min at Fast Process Corner
  Data Path Delay:        3.222ns  (logic 1.473ns (45.714%)  route 1.749ns (54.286%))
  Logic Levels:           2  (LUT2=1 OBUF=1)
  Clock Uncertainty:      0.025ns  ((TSJ^2 + TIJ^2)^1/2 + DJ) / 2 + PE
    Total System Jitter     (TSJ):    0.050ns
    Total Input Jitter      (TIJ):    0.000ns
    Discrete Jitter          (DJ):    0.000ns
    Phase Error              (PE):    0.000ns

    Location             Delay type                Incr(ns)  Path(ns)    Netlist Resource(s)
  -------------------------------------------------------------------    -------------------
                         (clock sys_clk_pin rise edge)
                                                      0.000     0.000 r  
    W5                                                0.000     0.000 r  clk (IN)
                         net (fo=0)                   0.000     0.000    clk
    W5                   IBUF (Prop_ibuf_I_O)         0.226     0.226 r  clk_IBUF_inst/O
                         net (fo=1, routed)           0.631     0.858    clk_IBUF
    BUFGCTRL_X0Y0        BUFG (Prop_bufg_I_O)         0.026     0.884 r  clk_IBUF_BUFG_inst/O
                         net (fo=464, routed)         0.591     1.474    u_7seg/clk_IBUF_BUFG
    SLICE_X5Y11          FDRE                                         r  u_7seg/refresh_counter_reg[17]/C
  -------------------------------------------------------------------    -------------------
    SLICE_X5Y11          FDRE (Prop_fdre_C_Q)         0.141     1.615 f  u_7seg/refresh_counter_reg[17]/Q
                         net (fo=9, routed)           0.540     2.155    u_7seg/active_digit[1]
    SLICE_X13Y15         LUT2 (Prop_lut2_I1_O)        0.046     2.201 r  u_7seg/an_OBUF[2]_inst_i_1/O
                         net (fo=1, routed)           1.209     3.410    an_OBUF[2]
    V4                   OBUF (Prop_obuf_I_O)         1.286     4.696 r  an_OBUF[2]_inst/O
                         net (fo=0)                   0.000     4.696    an[2]
    V4                                                                r  an[2] (OUT)
  -------------------------------------------------------------------    -------------------

Slack:                    inf
  Source:                 u_7seg/refresh_counter_reg[16]/C
                            (rising edge-triggered cell FDRE clocked by sys_clk_pin  {rise@0.000ns fall@5.000ns period=10.000ns})
  Destination:            seg[2]
                            (output port)
  Path Group:             (none)
  Path Type:              Min at Fast Process Corner
  Data Path Delay:        3.285ns  (logic 1.467ns (44.658%)  route 1.818ns (55.342%))
  Logic Levels:           3  (LUT4=1 LUT6=1 OBUF=1)
  Clock Uncertainty:      0.025ns  ((TSJ^2 + TIJ^2)^1/2 + DJ) / 2 + PE
    Total System Jitter     (TSJ):    0.050ns
    Total Input Jitter      (TIJ):    0.000ns
    Discrete Jitter          (DJ):    0.000ns
    Phase Error              (PE):    0.000ns

    Location             Delay type                Incr(ns)  Path(ns)    Netlist Resource(s)
  -------------------------------------------------------------------    -------------------
                         (clock sys_clk_pin rise edge)
                                                      0.000     0.000 r  
    W5                                                0.000     0.000 r  clk (IN)
                         net (fo=0)                   0.000     0.000    clk
    W5                   IBUF (Prop_ibuf_I_O)         0.226     0.226 r  clk_IBUF_inst/O
                         net (fo=1, routed)           0.631     0.858    clk_IBUF
    BUFGCTRL_X0Y0        BUFG (Prop_bufg_I_O)         0.026     0.884 r  clk_IBUF_BUFG_inst/O
                         net (fo=464, routed)         0.591     1.474    u_7seg/clk_IBUF_BUFG
    SLICE_X5Y11          FDRE                                         r  u_7seg/refresh_counter_reg[16]/C
  -------------------------------------------------------------------    -------------------
    SLICE_X5Y11          FDRE (Prop_fdre_C_Q)         0.141     1.615 r  u_7seg/refresh_counter_reg[16]/Q
                         net (fo=9, routed)           0.362     1.977    u_systolic_top/u_systolic_array/gen_rows[1].gen_cols[1].pe_inst/active_digit[0]
    SLICE_X13Y11         LUT6 (Prop_lut6_I4_O)        0.045     2.022 r  u_systolic_top/u_systolic_array/gen_rows[1].gen_cols[1].pe_inst/seg_OBUF[6]_inst_i_4/O
                         net (fo=7, routed)           0.350     2.372    u_systolic_top/u_systolic_array/gen_rows[1].gen_cols[1].pe_inst/u_7seg/current_nibble__31[2]
    SLICE_X14Y15         LUT4 (Prop_lut4_I3_O)        0.045     2.417 r  u_systolic_top/u_systolic_array/gen_rows[1].gen_cols[1].pe_inst/seg_OBUF[2]_inst_i_1/O
                         net (fo=1, routed)           1.106     3.523    seg_OBUF[2]
    U8                   OBUF (Prop_obuf_I_O)         1.236     4.759 r  seg_OBUF[2]_inst/O
                         net (fo=0)                   0.000     4.759    seg[2]
    U8                                                                r  seg[2] (OUT)
  -------------------------------------------------------------------    -------------------





--------------------------------------------------------------------------------------
Path Group:  (none)
From Clock:  
  To Clock:  sys_clk_pin

Max Delay            28 Endpoints
Min Delay            28 Endpoints
--------------------------------------------------------------------------------------


Max Delay Paths
--------------------------------------------------------------------------------------
Slack:                    inf
  Source:                 sw[1]
                            (input port)
  Destination:            u_systolic_top/u_skew_b/shift_reg_reg[3][3][0]/D
                            (rising edge-triggered cell FDRE clocked by sys_clk_pin  {rise@0.000ns fall@5.000ns period=10.000ns})
  Path Group:             (none)
  Path Type:              Setup (Max at Slow Process Corner)
  Data Path Delay:        3.892ns  (logic 1.613ns (41.455%)  route 2.278ns (58.545%))
  Logic Levels:           2  (IBUF=1 LUT3=1)
  Clock Path Skew:        4.861ns (DCD - SCD + CPR)
    Destination Clock Delay (DCD):    4.861ns
    Source Clock Delay      (SCD):    0.000ns
    Clock Pessimism Removal (CPR):    0.000ns
  Clock Uncertainty:      0.025ns  ((TSJ^2 + TIJ^2)^1/2 + DJ) / 2 + PE
    Total System Jitter     (TSJ):    0.050ns
    Total Input Jitter      (TIJ):    0.000ns
    Discrete Jitter          (DJ):    0.000ns
    Phase Error              (PE):    0.000ns

    Location             Delay type                Incr(ns)  Path(ns)    Netlist Resource(s)
  -------------------------------------------------------------------    -------------------
    V16                                               0.000     0.000 r  sw[1] (IN)
                         net (fo=0)                   0.000     0.000    sw[1]
    V16                  IBUF (Prop_ibuf_I_O)         1.461     1.461 r  sw_IBUF[1]_inst/O
                         net (fo=27, routed)          2.278     3.740    u_systolic_top/u_skew_b/shift_reg_reg[1][1][0]_0[1]
    SLICE_X1Y2           LUT3 (Prop_lut3_I0_O)        0.152     3.892 r  u_systolic_top/u_skew_b/shift_reg[3][3][0]_i_1/O
                         net (fo=1, routed)           0.000     3.892    u_systolic_top/u_skew_b/shift_reg[3][3][0]_i_1_n_0
    SLICE_X1Y2           FDRE                                         r  u_systolic_top/u_skew_b/shift_reg_reg[3][3][0]/D
  -------------------------------------------------------------------    -------------------

                         (clock sys_clk_pin rise edge)
                                                      0.000     0.000 r  
    W5                                                0.000     0.000 r  clk (IN)
                         net (fo=0)                   0.000     0.000    clk
    W5                   IBUF (Prop_ibuf_I_O)         1.388     1.388 r  clk_IBUF_inst/O
                         net (fo=1, routed)           1.862     3.250    clk_IBUF
    BUFGCTRL_X0Y0        BUFG (Prop_bufg_I_O)         0.091     3.341 r  clk_IBUF_BUFG_inst/O
                         net (fo=464, routed)         1.520     4.861    u_systolic_top/u_skew_b/clk_IBUF_BUFG
    SLICE_X1Y2           FDRE                                         r  u_systolic_top/u_skew_b/shift_reg_reg[3][3][0]/C

Slack:                    inf
  Source:                 sw[1]
                            (input port)
  Destination:            u_systolic_top/u_skew_b/shift_reg_reg[1][1][0]/D
                            (rising edge-triggered cell FDRE clocked by sys_clk_pin  {rise@0.000ns fall@5.000ns period=10.000ns})
  Path Group:             (none)
  Path Type:              Setup (Max at Slow Process Corner)
  Data Path Delay:        3.864ns  (logic 1.585ns (41.030%)  route 2.278ns (58.970%))
  Logic Levels:           2  (IBUF=1 LUT3=1)
  Clock Path Skew:        4.861ns (DCD - SCD + CPR)
    Destination Clock Delay (DCD):    4.861ns
    Source Clock Delay      (SCD):    0.000ns
    Clock Pessimism Removal (CPR):    0.000ns
  Clock Uncertainty:      0.025ns  ((TSJ^2 + TIJ^2)^1/2 + DJ) / 2 + PE
    Total System Jitter     (TSJ):    0.050ns
    Total Input Jitter      (TIJ):    0.000ns
    Discrete Jitter          (DJ):    0.000ns
    Phase Error              (PE):    0.000ns

    Location             Delay type                Incr(ns)  Path(ns)    Netlist Resource(s)
  -------------------------------------------------------------------    -------------------
    V16                                               0.000     0.000 r  sw[1] (IN)
                         net (fo=0)                   0.000     0.000    sw[1]
    V16                  IBUF (Prop_ibuf_I_O)         1.461     1.461 r  sw_IBUF[1]_inst/O
                         net (fo=27, routed)          2.278     3.740    u_systolic_top/u_skew_b/shift_reg_reg[1][1][0]_0[1]
    SLICE_X1Y2           LUT3 (Prop_lut3_I0_O)        0.124     3.864 r  u_systolic_top/u_skew_b/shift_reg[1][1][0]_i_1__0/O
                         net (fo=1, routed)           0.000     3.864    u_systolic_top/u_skew_b/shift_reg[1][1][0]_i_1__0_n_0
    SLICE_X1Y2           FDRE                                         r  u_systolic_top/u_skew_b/shift_reg_reg[1][1][0]/D
  -------------------------------------------------------------------    -------------------

                         (clock sys_clk_pin rise edge)
                                                      0.000     0.000 r  
    W5                                                0.000     0.000 r  clk (IN)
                         net (fo=0)                   0.000     0.000    clk
    W5                   IBUF (Prop_ibuf_I_O)         1.388     1.388 r  clk_IBUF_inst/O
                         net (fo=1, routed)           1.862     3.250    clk_IBUF
    BUFGCTRL_X0Y0        BUFG (Prop_bufg_I_O)         0.091     3.341 r  clk_IBUF_BUFG_inst/O
                         net (fo=464, routed)         1.520     4.861    u_systolic_top/u_skew_b/clk_IBUF_BUFG
    SLICE_X1Y2           FDRE                                         r  u_systolic_top/u_skew_b/shift_reg_reg[1][1][0]/C

Slack:                    inf
  Source:                 sw[1]
                            (input port)
  Destination:            u_systolic_top/u_skew_a/shift_reg_reg[3][4][0]/D
                            (rising edge-triggered cell FDRE clocked by sys_clk_pin  {rise@0.000ns fall@5.000ns period=10.000ns})
  Path Group:             (none)
  Path Type:              Setup (Max at Slow Process Corner)
  Data Path Delay:        3.568ns  (logic 1.614ns (45.250%)  route 1.953ns (54.750%))
  Logic Levels:           2  (IBUF=1 LUT3=1)
  Clock Path Skew:        4.860ns (DCD - SCD + CPR)
    Destination Clock Delay (DCD):    4.860ns
    Source Clock Delay      (SCD):    0.000ns
    Clock Pessimism Removal (CPR):    0.000ns
  Clock Uncertainty:      0.025ns  ((TSJ^2 + TIJ^2)^1/2 + DJ) / 2 + PE
    Total System Jitter     (TSJ):    0.050ns
    Total Input Jitter      (TIJ):    0.000ns
    Discrete Jitter          (DJ):    0.000ns
    Phase Error              (PE):    0.000ns

    Location             Delay type                Incr(ns)  Path(ns)    Netlist Resource(s)
  -------------------------------------------------------------------    -------------------
    V16                                               0.000     0.000 r  sw[1] (IN)
                         net (fo=0)                   0.000     0.000    sw[1]
    V16                  IBUF (Prop_ibuf_I_O)         1.461     1.461 r  sw_IBUF[1]_inst/O
                         net (fo=27, routed)          1.953     3.415    u_systolic_top/u_skew_a/shift_reg_reg[2][2][3]_0[0]
    SLICE_X2Y4           LUT3 (Prop_lut3_I0_O)        0.153     3.568 r  u_systolic_top/u_skew_a/shift_reg[3][4][0]_i_1/O
                         net (fo=1, routed)           0.000     3.568    u_systolic_top/u_skew_a/shift_reg[3][4][0]_i_1_n_0
    SLICE_X2Y4           FDRE                                         r  u_systolic_top/u_skew_a/shift_reg_reg[3][4][0]/D
  -------------------------------------------------------------------    -------------------

                         (clock sys_clk_pin rise edge)
                                                      0.000     0.000 r  
    W5                                                0.000     0.000 r  clk (IN)
                         net (fo=0)                   0.000     0.000    clk
    W5                   IBUF (Prop_ibuf_I_O)         1.388     1.388 r  clk_IBUF_inst/O
                         net (fo=1, routed)           1.862     3.250    clk_IBUF
    BUFGCTRL_X0Y0        BUFG (Prop_bufg_I_O)         0.091     3.341 r  clk_IBUF_BUFG_inst/O
                         net (fo=464, routed)         1.519     4.860    u_systolic_top/u_skew_a/clk_IBUF_BUFG
    SLICE_X2Y4           FDRE                                         r  u_systolic_top/u_skew_a/shift_reg_reg[3][4][0]/C

Slack:                    inf
  Source:                 sw[1]
                            (input port)
  Destination:            u_systolic_top/u_skew_b/shift_reg_reg[3][3][1]/D
                            (rising edge-triggered cell FDRE clocked by sys_clk_pin  {rise@0.000ns fall@5.000ns period=10.000ns})
  Path Group:             (none)
  Path Type:              Setup (Max at Slow Process Corner)
  Data Path Delay:        3.548ns  (logic 1.611ns (45.415%)  route 1.937ns (54.585%))
  Logic Levels:           2  (IBUF=1 LUT3=1)
  Clock Path Skew:        4.861ns (DCD - SCD + CPR)
    Destination Clock Delay (DCD):    4.861ns
    Source Clock Delay      (SCD):    0.000ns
    Clock Pessimism Removal (CPR):    0.000ns
  Clock Uncertainty:      0.025ns  ((TSJ^2 + TIJ^2)^1/2 + DJ) / 2 + PE
    Total System Jitter     (TSJ):    0.050ns
    Total Input Jitter      (TIJ):    0.000ns
    Discrete Jitter          (DJ):    0.000ns
    Phase Error              (PE):    0.000ns

    Location             Delay type                Incr(ns)  Path(ns)    Netlist Resource(s)
  -------------------------------------------------------------------    -------------------
    V16                                               0.000     0.000 r  sw[1] (IN)
                         net (fo=0)                   0.000     0.000    sw[1]
    V16                  IBUF (Prop_ibuf_I_O)         1.461     1.461 r  sw_IBUF[1]_inst/O
                         net (fo=27, routed)          1.937     3.398    u_systolic_top/u_skew_b/shift_reg_reg[1][1][0]_0[1]
    SLICE_X2Y2           LUT3 (Prop_lut3_I0_O)        0.150     3.548 r  u_systolic_top/u_skew_b/shift_reg[3][3][1]_i_1/O
                         net (fo=1, routed)           0.000     3.548    u_systolic_top/u_skew_b/shift_reg[3][3][1]_i_1_n_0
    SLICE_X2Y2           FDRE                                         r  u_systolic_top/u_skew_b/shift_reg_reg[3][3][1]/D
  -------------------------------------------------------------------    -------------------

                         (clock sys_clk_pin rise edge)
                                                      0.000     0.000 r  
    W5                                                0.000     0.000 r  clk (IN)
                         net (fo=0)                   0.000     0.000    clk
    W5                   IBUF (Prop_ibuf_I_O)         1.388     1.388 r  clk_IBUF_inst/O
                         net (fo=1, routed)           1.862     3.250    clk_IBUF
    BUFGCTRL_X0Y0        BUFG (Prop_bufg_I_O)         0.091     3.341 r  clk_IBUF_BUFG_inst/O
                         net (fo=464, routed)         1.520     4.861    u_systolic_top/u_skew_b/clk_IBUF_BUFG
    SLICE_X2Y2           FDRE                                         r  u_systolic_top/u_skew_b/shift_reg_reg[3][3][1]/C

Slack:                    inf
  Source:                 sw[1]
                            (input port)
  Destination:            u_systolic_top/u_skew_a/shift_reg_reg[2][2][1]/D
                            (rising edge-triggered cell FDRE clocked by sys_clk_pin  {rise@0.000ns fall@5.000ns period=10.000ns})
  Path Group:             (none)
  Path Type:              Setup (Max at Slow Process Corner)
  Data Path Delay:        3.539ns  (logic 1.585ns (44.801%)  route 1.953ns (55.199%))
  Logic Levels:           2  (IBUF=1 LUT3=1)
  Clock Path Skew:        4.860ns (DCD - SCD + CPR)
    Destination Clock Delay (DCD):    4.860ns
    Source Clock Delay      (SCD):    0.000ns
    Clock Pessimism Removal (CPR):    0.000ns
  Clock Uncertainty:      0.025ns  ((TSJ^2 + TIJ^2)^1/2 + DJ) / 2 + PE
    Total System Jitter     (TSJ):    0.050ns
    Total Input Jitter      (TIJ):    0.000ns
    Discrete Jitter          (DJ):    0.000ns
    Phase Error              (PE):    0.000ns

    Location             Delay type                Incr(ns)  Path(ns)    Netlist Resource(s)
  -------------------------------------------------------------------    -------------------
    V16                                               0.000     0.000 r  sw[1] (IN)
                         net (fo=0)                   0.000     0.000    sw[1]
    V16                  IBUF (Prop_ibuf_I_O)         1.461     1.461 r  sw_IBUF[1]_inst/O
                         net (fo=27, routed)          1.953     3.415    u_systolic_top/u_skew_a/shift_reg_reg[2][2][3]_0[0]
    SLICE_X2Y4           LUT3 (Prop_lut3_I0_O)        0.124     3.539 r  u_systolic_top/u_skew_a/shift_reg[2][2][1]_i_1/O
                         net (fo=1, routed)           0.000     3.539    u_systolic_top/u_skew_a/shift_reg[2][2][1]_i_1_n_0
    SLICE_X2Y4           FDRE                                         r  u_systolic_top/u_skew_a/shift_reg_reg[2][2][1]/D
  -------------------------------------------------------------------    -------------------

                         (clock sys_clk_pin rise edge)
                                                      0.000     0.000 r  
    W5                                                0.000     0.000 r  clk (IN)
                         net (fo=0)                   0.000     0.000    clk
    W5                   IBUF (Prop_ibuf_I_O)         1.388     1.388 r  clk_IBUF_inst/O
                         net (fo=1, routed)           1.862     3.250    clk_IBUF
    BUFGCTRL_X0Y0        BUFG (Prop_bufg_I_O)         0.091     3.341 r  clk_IBUF_BUFG_inst/O
                         net (fo=464, routed)         1.519     4.860    u_systolic_top/u_skew_a/clk_IBUF_BUFG
    SLICE_X2Y4           FDRE                                         r  u_systolic_top/u_skew_a/shift_reg_reg[2][2][1]/C

Slack:                    inf
  Source:                 sw[1]
                            (input port)
  Destination:            u_systolic_top/u_skew_b/shift_reg_reg[2][3][0]/D
                            (rising edge-triggered cell FDRE clocked by sys_clk_pin  {rise@0.000ns fall@5.000ns period=10.000ns})
  Path Group:             (none)
  Path Type:              Setup (Max at Slow Process Corner)
  Data Path Delay:        3.522ns  (logic 1.585ns (45.012%)  route 1.937ns (54.988%))
  Logic Levels:           2  (IBUF=1 LUT3=1)
  Clock Path Skew:        4.861ns (DCD - SCD + CPR)
    Destination Clock Delay (DCD):    4.861ns
    Source Clock Delay      (SCD):    0.000ns
    Clock Pessimism Removal (CPR):    0.000ns
  Clock Uncertainty:      0.025ns  ((TSJ^2 + TIJ^2)^1/2 + DJ) / 2 + PE
    Total System Jitter     (TSJ):    0.050ns
    Total Input Jitter      (TIJ):    0.000ns
    Discrete Jitter          (DJ):    0.000ns
    Phase Error              (PE):    0.000ns

    Location             Delay type                Incr(ns)  Path(ns)    Netlist Resource(s)
  -------------------------------------------------------------------    -------------------
    V16                                               0.000     0.000 r  sw[1] (IN)
                         net (fo=0)                   0.000     0.000    sw[1]
    V16                  IBUF (Prop_ibuf_I_O)         1.461     1.461 r  sw_IBUF[1]_inst/O
                         net (fo=27, routed)          1.937     3.398    u_systolic_top/u_skew_b/shift_reg_reg[1][1][0]_0[1]
    SLICE_X2Y2           LUT3 (Prop_lut3_I0_O)        0.124     3.522 r  u_systolic_top/u_skew_b/shift_reg[2][3][0]_i_1/O
                         net (fo=1, routed)           0.000     3.522    u_systolic_top/u_skew_b/shift_reg[2][3][0]_i_1_n_0
    SLICE_X2Y2           FDRE                                         r  u_systolic_top/u_skew_b/shift_reg_reg[2][3][0]/D
  -------------------------------------------------------------------    -------------------

                         (clock sys_clk_pin rise edge)
                                                      0.000     0.000 r  
    W5                                                0.000     0.000 r  clk (IN)
                         net (fo=0)                   0.000     0.000    clk
    W5                   IBUF (Prop_ibuf_I_O)         1.388     1.388 r  clk_IBUF_inst/O
                         net (fo=1, routed)           1.862     3.250    clk_IBUF
    BUFGCTRL_X0Y0        BUFG (Prop_bufg_I_O)         0.091     3.341 r  clk_IBUF_BUFG_inst/O
                         net (fo=464, routed)         1.520     4.861    u_systolic_top/u_skew_b/clk_IBUF_BUFG
    SLICE_X2Y2           FDRE                                         r  u_systolic_top/u_skew_b/shift_reg_reg[2][3][0]/C

Slack:                    inf
  Source:                 sw[1]
                            (input port)
  Destination:            u_systolic_top/u_skew_b/shift_reg_reg[2][4][0]/D
                            (rising edge-triggered cell FDRE clocked by sys_clk_pin  {rise@0.000ns fall@5.000ns period=10.000ns})
  Path Group:             (none)
  Path Type:              Setup (Max at Slow Process Corner)
  Data Path Delay:        3.522ns  (logic 1.611ns (45.750%)  route 1.911ns (54.250%))
  Logic Levels:           2  (IBUF=1 LUT3=1)
  Clock Path Skew:        4.861ns (DCD - SCD + CPR)
    Destination Clock Delay (DCD):    4.861ns
    Source Clock Delay      (SCD):    0.000ns
    Clock Pessimism Removal (CPR):    0.000ns
  Clock Uncertainty:      0.025ns  ((TSJ^2 + TIJ^2)^1/2 + DJ) / 2 + PE
    Total System Jitter     (TSJ):    0.050ns
    Total Input Jitter      (TIJ):    0.000ns
    Discrete Jitter          (DJ):    0.000ns
    Phase Error              (PE):    0.000ns

    Location             Delay type                Incr(ns)  Path(ns)    Netlist Resource(s)
  -------------------------------------------------------------------    -------------------
    V16                                               0.000     0.000 f  sw[1] (IN)
                         net (fo=0)                   0.000     0.000    sw[1]
    V16                  IBUF (Prop_ibuf_I_O)         1.461     1.461 f  sw_IBUF[1]_inst/O
                         net (fo=27, routed)          1.911     3.372    u_systolic_top/u_controller/shift_reg_reg[1][2][0][1]
    SLICE_X3Y2           LUT3 (Prop_lut3_I1_O)        0.150     3.522 r  u_systolic_top/u_controller/shift_reg[2][4][0]_i_1/O
                         net (fo=1, routed)           0.000     3.522    u_systolic_top/u_skew_b/D[0]
    SLICE_X3Y2           FDRE                                         r  u_systolic_top/u_skew_b/shift_reg_reg[2][4][0]/D
  -------------------------------------------------------------------    -------------------

                         (clock sys_clk_pin rise edge)
                                                      0.000     0.000 r  
    W5                                                0.000     0.000 r  clk (IN)
                         net (fo=0)                   0.000     0.000    clk
    W5                   IBUF (Prop_ibuf_I_O)         1.388     1.388 r  clk_IBUF_inst/O
                         net (fo=1, routed)           1.862     3.250    clk_IBUF
    BUFGCTRL_X0Y0        BUFG (Prop_bufg_I_O)         0.091     3.341 r  clk_IBUF_BUFG_inst/O
                         net (fo=464, routed)         1.520     4.861    u_systolic_top/u_skew_b/clk_IBUF_BUFG
    SLICE_X3Y2           FDRE                                         r  u_systolic_top/u_skew_b/shift_reg_reg[2][4][0]/C

Slack:                    inf
  Source:                 sw[1]
                            (input port)
  Destination:            u_systolic_top/u_skew_b/shift_reg_reg[1][2][1]/D
                            (rising edge-triggered cell FDRE clocked by sys_clk_pin  {rise@0.000ns fall@5.000ns period=10.000ns})
  Path Group:             (none)
  Path Type:              Setup (Max at Slow Process Corner)
  Data Path Delay:        3.496ns  (logic 1.585ns (45.346%)  route 1.911ns (54.654%))
  Logic Levels:           2  (IBUF=1 LUT4=1)
  Clock Path Skew:        4.861ns (DCD - SCD + CPR)
    Destination Clock Delay (DCD):    4.861ns
    Source Clock Delay      (SCD):    0.000ns
    Clock Pessimism Removal (CPR):    0.000ns
  Clock Uncertainty:      0.025ns  ((TSJ^2 + TIJ^2)^1/2 + DJ) / 2 + PE
    Total System Jitter     (TSJ):    0.050ns
    Total Input Jitter      (TIJ):    0.000ns
    Discrete Jitter          (DJ):    0.000ns
    Phase Error              (PE):    0.000ns

    Location             Delay type                Incr(ns)  Path(ns)    Netlist Resource(s)
  -------------------------------------------------------------------    -------------------
    V16                                               0.000     0.000 r  sw[1] (IN)
                         net (fo=0)                   0.000     0.000    sw[1]
    V16                  IBUF (Prop_ibuf_I_O)         1.461     1.461 r  sw_IBUF[1]_inst/O
                         net (fo=27, routed)          1.911     3.372    u_systolic_top/u_controller/shift_reg_reg[1][2][0][1]
    SLICE_X3Y2           LUT4 (Prop_lut4_I0_O)        0.124     3.496 r  u_systolic_top/u_controller/shift_reg[1][2][1]_i_1__0/O
                         net (fo=1, routed)           0.000     3.496    u_systolic_top/u_skew_b/shift_reg_reg[1][2][1]_0
    SLICE_X3Y2           FDRE                                         r  u_systolic_top/u_skew_b/shift_reg_reg[1][2][1]/D
  -------------------------------------------------------------------    -------------------

                         (clock sys_clk_pin rise edge)
                                                      0.000     0.000 r  
    W5                                                0.000     0.000 r  clk (IN)
                         net (fo=0)                   0.000     0.000    clk
    W5                   IBUF (Prop_ibuf_I_O)         1.388     1.388 r  clk_IBUF_inst/O
                         net (fo=1, routed)           1.862     3.250    clk_IBUF
    BUFGCTRL_X0Y0        BUFG (Prop_bufg_I_O)         0.091     3.341 r  clk_IBUF_BUFG_inst/O
                         net (fo=464, routed)         1.520     4.861    u_systolic_top/u_skew_b/clk_IBUF_BUFG
    SLICE_X3Y2           FDRE                                         r  u_systolic_top/u_skew_b/shift_reg_reg[1][2][1]/C

Slack:                    inf
  Source:                 sw[0]
                            (input port)
  Destination:            u_systolic_top/u_skew_b/shift_reg_reg[3][6][1]/D
                            (rising edge-triggered cell FDRE clocked by sys_clk_pin  {rise@0.000ns fall@5.000ns period=10.000ns})
  Path Group:             (none)
  Path Type:              Setup (Max at Slow Process Corner)
  Data Path Delay:        3.334ns  (logic 1.603ns (48.071%)  route 1.732ns (51.929%))
  Logic Levels:           2  (IBUF=1 LUT3=1)
  Clock Path Skew:        4.861ns (DCD - SCD + CPR)
    Destination Clock Delay (DCD):    4.861ns
    Source Clock Delay      (SCD):    0.000ns
    Clock Pessimism Removal (CPR):    0.000ns
  Clock Uncertainty:      0.025ns  ((TSJ^2 + TIJ^2)^1/2 + DJ) / 2 + PE
    Total System Jitter     (TSJ):    0.050ns
    Total Input Jitter      (TIJ):    0.000ns
    Discrete Jitter          (DJ):    0.000ns
    Phase Error              (PE):    0.000ns

    Location             Delay type                Incr(ns)  Path(ns)    Netlist Resource(s)
  -------------------------------------------------------------------    -------------------
    V17                                               0.000     0.000 r  sw[0] (IN)
                         net (fo=0)                   0.000     0.000    sw[0]
    V17                  IBUF (Prop_ibuf_I_O)         1.453     1.453 r  sw_IBUF[0]_inst/O
                         net (fo=8, routed)           1.732     3.184    u_systolic_top/u_controller/shift_reg_reg[1][2][0][0]
    SLICE_X1Y2           LUT3 (Prop_lut3_I1_O)        0.150     3.334 r  u_systolic_top/u_controller/shift_reg[3][6][1]_i_2/O
                         net (fo=1, routed)           0.000     3.334    u_systolic_top/u_skew_b/shift_reg_reg[3][6][1]_0
    SLICE_X1Y2           FDRE                                         r  u_systolic_top/u_skew_b/shift_reg_reg[3][6][1]/D
  -------------------------------------------------------------------    -------------------

                         (clock sys_clk_pin rise edge)
                                                      0.000     0.000 r  
    W5                                                0.000     0.000 r  clk (IN)
                         net (fo=0)                   0.000     0.000    clk
    W5                   IBUF (Prop_ibuf_I_O)         1.388     1.388 r  clk_IBUF_inst/O
                         net (fo=1, routed)           1.862     3.250    clk_IBUF
    BUFGCTRL_X0Y0        BUFG (Prop_bufg_I_O)         0.091     3.341 r  clk_IBUF_BUFG_inst/O
                         net (fo=464, routed)         1.520     4.861    u_systolic_top/u_skew_b/clk_IBUF_BUFG
    SLICE_X1Y2           FDRE                                         r  u_systolic_top/u_skew_b/shift_reg_reg[3][6][1]/C

Slack:                    inf
  Source:                 sw[0]
                            (input port)
  Destination:            u_systolic_top/u_skew_b/shift_reg_reg[1][2][0]/D
                            (rising edge-triggered cell FDRE clocked by sys_clk_pin  {rise@0.000ns fall@5.000ns period=10.000ns})
  Path Group:             (none)
  Path Type:              Setup (Max at Slow Process Corner)
  Data Path Delay:        3.308ns  (logic 1.577ns (47.663%)  route 1.732ns (52.337%))
  Logic Levels:           2  (IBUF=1 LUT3=1)
  Clock Path Skew:        4.861ns (DCD - SCD + CPR)
    Destination Clock Delay (DCD):    4.861ns
    Source Clock Delay      (SCD):    0.000ns
    Clock Pessimism Removal (CPR):    0.000ns
  Clock Uncertainty:      0.025ns  ((TSJ^2 + TIJ^2)^1/2 + DJ) / 2 + PE
    Total System Jitter     (TSJ):    0.050ns
    Total Input Jitter      (TIJ):    0.000ns
    Discrete Jitter          (DJ):    0.000ns
    Phase Error              (PE):    0.000ns

    Location             Delay type                Incr(ns)  Path(ns)    Netlist Resource(s)
  -------------------------------------------------------------------    -------------------
    V17                                               0.000     0.000 f  sw[0] (IN)
                         net (fo=0)                   0.000     0.000    sw[0]
    V17                  IBUF (Prop_ibuf_I_O)         1.453     1.453 f  sw_IBUF[0]_inst/O
                         net (fo=8, routed)           1.732     3.184    u_systolic_top/u_controller/shift_reg_reg[1][2][0][0]
    SLICE_X1Y2           LUT3 (Prop_lut3_I1_O)        0.124     3.308 r  u_systolic_top/u_controller/shift_reg[1][2][0]_i_1/O
                         net (fo=1, routed)           0.000     3.308    u_systolic_top/u_skew_b/shift_reg_reg[1][2][0]_0
    SLICE_X1Y2           FDRE                                         r  u_systolic_top/u_skew_b/shift_reg_reg[1][2][0]/D
  -------------------------------------------------------------------    -------------------

                         (clock sys_clk_pin rise edge)
                                                      0.000     0.000 r  
    W5                                                0.000     0.000 r  clk (IN)
                         net (fo=0)                   0.000     0.000    clk
    W5                   IBUF (Prop_ibuf_I_O)         1.388     1.388 r  clk_IBUF_inst/O
                         net (fo=1, routed)           1.862     3.250    clk_IBUF
    BUFGCTRL_X0Y0        BUFG (Prop_bufg_I_O)         0.091     3.341 r  clk_IBUF_BUFG_inst/O
                         net (fo=464, routed)         1.520     4.861    u_systolic_top/u_skew_b/clk_IBUF_BUFG
    SLICE_X1Y2           FDRE                                         r  u_systolic_top/u_skew_b/shift_reg_reg[1][2][0]/C





Min Delay Paths
--------------------------------------------------------------------------------------
Slack:                    inf
  Source:                 btnC
                            (input port)
  Destination:            btnC_sync_reg/D
                            (rising edge-triggered cell FDRE clocked by sys_clk_pin  {rise@0.000ns fall@5.000ns period=10.000ns})
  Path Group:             (none)
  Path Type:              Hold (Min at Fast Process Corner)
  Data Path Delay:        0.541ns  (logic 0.210ns (38.699%)  route 0.332ns (61.301%))
  Logic Levels:           1  (IBUF=1)
  Clock Path Skew:        1.989ns (DCD - SCD - CPR)
    Destination Clock Delay (DCD):    1.989ns
    Source Clock Delay      (SCD):    0.000ns
    Clock Pessimism Removal (CPR):    -0.000ns

    Location             Delay type                Incr(ns)  Path(ns)    Netlist Resource(s)
  -------------------------------------------------------------------    -------------------
    U18                                               0.000     0.000 r  btnC (IN)
                         net (fo=0)                   0.000     0.000    btnC
    U18                  IBUF (Prop_ibuf_I_O)         0.210     0.210 r  btnC_IBUF_inst/O
                         net (fo=1, routed)           0.332     0.541    btnC_IBUF
    SLICE_X0Y12          FDRE                                         r  btnC_sync_reg/D
  -------------------------------------------------------------------    -------------------

                         (clock sys_clk_pin rise edge)
                                                      0.000     0.000 r  
    W5                                                0.000     0.000 r  clk (IN)
                         net (fo=0)                   0.000     0.000    clk
    W5                   IBUF (Prop_ibuf_I_O)         0.414     0.414 r  clk_IBUF_inst/O
                         net (fo=1, routed)           0.685     1.099    clk_IBUF
    BUFGCTRL_X0Y0        BUFG (Prop_bufg_I_O)         0.029     1.128 r  clk_IBUF_BUFG_inst/O
                         net (fo=464, routed)         0.862     1.989    clk_IBUF_BUFG
    SLICE_X0Y12          FDRE                                         r  btnC_sync_reg/C

Slack:                    inf
  Source:                 btnU
                            (input port)
  Destination:            btnU_sync_reg/D
                            (rising edge-triggered cell FDRE clocked by sys_clk_pin  {rise@0.000ns fall@5.000ns period=10.000ns})
  Path Group:             (none)
  Path Type:              Hold (Min at Fast Process Corner)
  Data Path Delay:        0.576ns  (logic 0.222ns (38.537%)  route 0.354ns (61.463%))
  Logic Levels:           1  (IBUF=1)
  Clock Path Skew:        1.988ns (DCD - SCD - CPR)
    Destination Clock Delay (DCD):    1.988ns
    Source Clock Delay      (SCD):    0.000ns
    Clock Pessimism Removal (CPR):    -0.000ns

    Location             Delay type                Incr(ns)  Path(ns)    Netlist Resource(s)
  -------------------------------------------------------------------    -------------------
    T18                                               0.000     0.000 r  btnU (IN)
                         net (fo=0)                   0.000     0.000    btnU
    T18                  IBUF (Prop_ibuf_I_O)         0.222     0.222 r  btnU_IBUF_inst/O
                         net (fo=1, routed)           0.354     0.576    btnU_IBUF
    SLICE_X0Y14          FDRE                                         r  btnU_sync_reg/D
  -------------------------------------------------------------------    -------------------

                         (clock sys_clk_pin rise edge)
                                                      0.000     0.000 r  
    W5                                                0.000     0.000 r  clk (IN)
                         net (fo=0)                   0.000     0.000    clk
    W5                   IBUF (Prop_ibuf_I_O)         0.414     0.414 r  clk_IBUF_inst/O
                         net (fo=1, routed)           0.685     1.099    clk_IBUF
    BUFGCTRL_X0Y0        BUFG (Prop_bufg_I_O)         0.029     1.128 r  clk_IBUF_BUFG_inst/O
                         net (fo=464, routed)         0.861     1.988    clk_IBUF_BUFG
    SLICE_X0Y14          FDRE                                         r  btnU_sync_reg/C

Slack:                    inf
  Source:                 sw[0]
                            (input port)
  Destination:            u_systolic_top/u_skew_b/shift_reg_reg[2][4][1]/D
                            (rising edge-triggered cell FDRE clocked by sys_clk_pin  {rise@0.000ns fall@5.000ns period=10.000ns})
  Path Group:             (none)
  Path Type:              Hold (Min at Fast Process Corner)
  Data Path Delay:        0.747ns  (logic 0.269ns (36.010%)  route 0.478ns (63.990%))
  Logic Levels:           2  (IBUF=1 LUT3=1)
  Clock Path Skew:        1.993ns (DCD - SCD - CPR)
    Destination Clock Delay (DCD):    1.993ns
    Source Clock Delay      (SCD):    0.000ns
    Clock Pessimism Removal (CPR):    -0.000ns

    Location             Delay type                Incr(ns)  Path(ns)    Netlist Resource(s)
  -------------------------------------------------------------------    -------------------
    V17                                               0.000     0.000 r  sw[0] (IN)
                         net (fo=0)                   0.000     0.000    sw[0]
    V17                  IBUF (Prop_ibuf_I_O)         0.221     0.221 r  sw_IBUF[0]_inst/O
                         net (fo=8, routed)           0.478     0.699    u_systolic_top/u_controller/shift_reg_reg[1][2][0][0]
    SLICE_X2Y4           LUT3 (Prop_lut3_I2_O)        0.048     0.747 r  u_systolic_top/u_controller/shift_reg[2][4][1]_i_1/O
                         net (fo=1, routed)           0.000     0.747    u_systolic_top/u_skew_b/D[1]
    SLICE_X2Y4           FDRE                                         r  u_systolic_top/u_skew_b/shift_reg_reg[2][4][1]/D
  -------------------------------------------------------------------    -------------------

                         (clock sys_clk_pin rise edge)
                                                      0.000     0.000 r  
    W5                                                0.000     0.000 r  clk (IN)
                         net (fo=0)                   0.000     0.000    clk
    W5                   IBUF (Prop_ibuf_I_O)         0.414     0.414 r  clk_IBUF_inst/O
                         net (fo=1, routed)           0.685     1.099    clk_IBUF
    BUFGCTRL_X0Y0        BUFG (Prop_bufg_I_O)         0.029     1.128 r  clk_IBUF_BUFG_inst/O
                         net (fo=464, routed)         0.866     1.993    u_systolic_top/u_skew_b/clk_IBUF_BUFG
    SLICE_X2Y4           FDRE                                         r  u_systolic_top/u_skew_b/shift_reg_reg[2][4][1]/C

Slack:                    inf
  Source:                 sw[1]
                            (input port)
  Destination:            u_systolic_top/u_skew_a/shift_reg_reg[1][2][0]/D
                            (rising edge-triggered cell FDRE clocked by sys_clk_pin  {rise@0.000ns fall@5.000ns period=10.000ns})
  Path Group:             (none)
  Path Type:              Hold (Min at Fast Process Corner)
  Data Path Delay:        0.833ns  (logic 0.274ns (32.934%)  route 0.559ns (67.066%))
  Logic Levels:           2  (IBUF=1 LUT3=1)
  Clock Path Skew:        1.993ns (DCD - SCD - CPR)
    Destination Clock Delay (DCD):    1.993ns
    Source Clock Delay      (SCD):    0.000ns
    Clock Pessimism Removal (CPR):    -0.000ns

    Location             Delay type                Incr(ns)  Path(ns)    Netlist Resource(s)
  -------------------------------------------------------------------    -------------------
    V16                                               0.000     0.000 r  sw[1] (IN)
                         net (fo=0)                   0.000     0.000    sw[1]
    V16                  IBUF (Prop_ibuf_I_O)         0.229     0.229 r  sw_IBUF[1]_inst/O
                         net (fo=27, routed)          0.559     0.788    u_systolic_top/u_controller/shift_reg_reg[1][2][0][1]
    SLICE_X2Y6           LUT3 (Prop_lut3_I0_O)        0.045     0.833 r  u_systolic_top/u_controller/shift_reg[1][2][0]_i_1__0/O
                         net (fo=1, routed)           0.000     0.833    u_systolic_top/u_skew_a/shift_reg_reg[1][2][1]_0[0]
    SLICE_X2Y6           FDRE                                         r  u_systolic_top/u_skew_a/shift_reg_reg[1][2][0]/D
  -------------------------------------------------------------------    -------------------

                         (clock sys_clk_pin rise edge)
                                                      0.000     0.000 r  
    W5                                                0.000     0.000 r  clk (IN)
                         net (fo=0)                   0.000     0.000    clk
    W5                   IBUF (Prop_ibuf_I_O)         0.414     0.414 r  clk_IBUF_inst/O
                         net (fo=1, routed)           0.685     1.099    clk_IBUF
    BUFGCTRL_X0Y0        BUFG (Prop_bufg_I_O)         0.029     1.128 r  clk_IBUF_BUFG_inst/O
                         net (fo=464, routed)         0.866     1.993    u_systolic_top/u_skew_a/clk_IBUF_BUFG
    SLICE_X2Y6           FDRE                                         r  u_systolic_top/u_skew_a/shift_reg_reg[1][2][0]/C

Slack:                    inf
  Source:                 sw[1]
                            (input port)
  Destination:            u_systolic_top/u_skew_a/shift_reg_reg[1][1][0]/D
                            (rising edge-triggered cell FDRE clocked by sys_clk_pin  {rise@0.000ns fall@5.000ns period=10.000ns})
  Path Group:             (none)
  Path Type:              Hold (Min at Fast Process Corner)
  Data Path Delay:        0.834ns  (logic 0.274ns (32.894%)  route 0.560ns (67.106%))
  Logic Levels:           2  (IBUF=1 LUT3=1)
  Clock Path Skew:        1.993ns (DCD - SCD - CPR)
    Destination Clock Delay (DCD):    1.993ns
    Source Clock Delay      (SCD):    0.000ns
    Clock Pessimism Removal (CPR):    -0.000ns

    Location             Delay type                Incr(ns)  Path(ns)    Netlist Resource(s)
  -------------------------------------------------------------------    -------------------
    V16                                               0.000     0.000 f  sw[1] (IN)
                         net (fo=0)                   0.000     0.000    sw[1]
    V16                  IBUF (Prop_ibuf_I_O)         0.229     0.229 f  sw_IBUF[1]_inst/O
                         net (fo=27, routed)          0.560     0.789    u_systolic_top/u_controller/shift_reg_reg[1][2][0][1]
    SLICE_X2Y6           LUT3 (Prop_lut3_I0_O)        0.045     0.834 r  u_systolic_top/u_controller/shift_reg[1][1][0]_i_1/O
                         net (fo=1, routed)           0.000     0.834    u_systolic_top/u_skew_a/shift_reg_reg[1][1][0]_0[0]
    SLICE_X2Y6           FDRE                                         r  u_systolic_top/u_skew_a/shift_reg_reg[1][1][0]/D
  -------------------------------------------------------------------    -------------------

                         (clock sys_clk_pin rise edge)
                                                      0.000     0.000 r  
    W5                                                0.000     0.000 r  clk (IN)
                         net (fo=0)                   0.000     0.000    clk
    W5                   IBUF (Prop_ibuf_I_O)         0.414     0.414 r  clk_IBUF_inst/O
                         net (fo=1, routed)           0.685     1.099    clk_IBUF
    BUFGCTRL_X0Y0        BUFG (Prop_bufg_I_O)         0.029     1.128 r  clk_IBUF_BUFG_inst/O
                         net (fo=464, routed)         0.866     1.993    u_systolic_top/u_skew_a/clk_IBUF_BUFG
    SLICE_X2Y6           FDRE                                         r  u_systolic_top/u_skew_a/shift_reg_reg[1][1][0]/C

Slack:                    inf
  Source:                 sw[1]
                            (input port)
  Destination:            u_systolic_top/u_skew_a/shift_reg_reg[1][1][2]/D
                            (rising edge-triggered cell FDRE clocked by sys_clk_pin  {rise@0.000ns fall@5.000ns period=10.000ns})
  Path Group:             (none)
  Path Type:              Hold (Min at Fast Process Corner)
  Data Path Delay:        0.835ns  (logic 0.275ns (32.975%)  route 0.560ns (67.025%))
  Logic Levels:           2  (IBUF=1 LUT3=1)
  Clock Path Skew:        1.993ns (DCD - SCD - CPR)
    Destination Clock Delay (DCD):    1.993ns
    Source Clock Delay      (SCD):    0.000ns
    Clock Pessimism Removal (CPR):    -0.000ns

    Location             Delay type                Incr(ns)  Path(ns)    Netlist Resource(s)
  -------------------------------------------------------------------    -------------------
    V16                                               0.000     0.000 f  sw[1] (IN)
                         net (fo=0)                   0.000     0.000    sw[1]
    V16                  IBUF (Prop_ibuf_I_O)         0.229     0.229 f  sw_IBUF[1]_inst/O
                         net (fo=27, routed)          0.560     0.789    u_systolic_top/u_controller/shift_reg_reg[1][2][0][1]
    SLICE_X2Y6           LUT3 (Prop_lut3_I0_O)        0.046     0.835 r  u_systolic_top/u_controller/shift_reg[1][1][2]_i_1/O
                         net (fo=1, routed)           0.000     0.835    u_systolic_top/u_skew_a/shift_reg_reg[1][1][2]_0
    SLICE_X2Y6           FDRE                                         r  u_systolic_top/u_skew_a/shift_reg_reg[1][1][2]/D
  -------------------------------------------------------------------    -------------------

                         (clock sys_clk_pin rise edge)
                                                      0.000     0.000 r  
    W5                                                0.000     0.000 r  clk (IN)
                         net (fo=0)                   0.000     0.000    clk
    W5                   IBUF (Prop_ibuf_I_O)         0.414     0.414 r  clk_IBUF_inst/O
                         net (fo=1, routed)           0.685     1.099    clk_IBUF
    BUFGCTRL_X0Y0        BUFG (Prop_bufg_I_O)         0.029     1.128 r  clk_IBUF_BUFG_inst/O
                         net (fo=464, routed)         0.866     1.993    u_systolic_top/u_skew_a/clk_IBUF_BUFG
    SLICE_X2Y6           FDRE                                         r  u_systolic_top/u_skew_a/shift_reg_reg[1][1][2]/C

Slack:                    inf
  Source:                 sw[1]
                            (input port)
  Destination:            u_systolic_top/u_skew_a/shift_reg_reg[1][2][1]/D
                            (rising edge-triggered cell FDRE clocked by sys_clk_pin  {rise@0.000ns fall@5.000ns period=10.000ns})
  Path Group:             (none)
  Path Type:              Hold (Min at Fast Process Corner)
  Data Path Delay:        0.835ns  (logic 0.276ns (33.094%)  route 0.559ns (66.906%))
  Logic Levels:           2  (IBUF=1 LUT3=1)
  Clock Path Skew:        1.993ns (DCD - SCD - CPR)
    Destination Clock Delay (DCD):    1.993ns
    Source Clock Delay      (SCD):    0.000ns
    Clock Pessimism Removal (CPR):    -0.000ns

    Location             Delay type                Incr(ns)  Path(ns)    Netlist Resource(s)
  -------------------------------------------------------------------    -------------------
    V16                                               0.000     0.000 f  sw[1] (IN)
                         net (fo=0)                   0.000     0.000    sw[1]
    V16                  IBUF (Prop_ibuf_I_O)         0.229     0.229 f  sw_IBUF[1]_inst/O
                         net (fo=27, routed)          0.559     0.788    u_systolic_top/u_controller/shift_reg_reg[1][2][0][1]
    SLICE_X2Y6           LUT3 (Prop_lut3_I0_O)        0.047     0.835 r  u_systolic_top/u_controller/shift_reg[1][2][1]_i_1/O
                         net (fo=1, routed)           0.000     0.835    u_systolic_top/u_skew_a/shift_reg_reg[1][2][1]_0[1]
    SLICE_X2Y6           FDRE                                         r  u_systolic_top/u_skew_a/shift_reg_reg[1][2][1]/D
  -------------------------------------------------------------------    -------------------

                         (clock sys_clk_pin rise edge)
                                                      0.000     0.000 r  
    W5                                                0.000     0.000 r  clk (IN)
                         net (fo=0)                   0.000     0.000    clk
    W5                   IBUF (Prop_ibuf_I_O)         0.414     0.414 r  clk_IBUF_inst/O
                         net (fo=1, routed)           0.685     1.099    clk_IBUF
    BUFGCTRL_X0Y0        BUFG (Prop_bufg_I_O)         0.029     1.128 r  clk_IBUF_BUFG_inst/O
                         net (fo=464, routed)         0.866     1.993    u_systolic_top/u_skew_a/clk_IBUF_BUFG
    SLICE_X2Y6           FDRE                                         r  u_systolic_top/u_skew_a/shift_reg_reg[1][2][1]/C

Slack:                    inf
  Source:                 sw[1]
                            (input port)
  Destination:            u_systolic_top/u_skew_b/shift_reg_reg[0][3][1]/D
                            (rising edge-triggered cell FDRE clocked by sys_clk_pin  {rise@0.000ns fall@5.000ns period=10.000ns})
  Path Group:             (none)
  Path Type:              Hold (Min at Fast Process Corner)
  Data Path Delay:        0.835ns  (logic 0.272ns (32.603%)  route 0.563ns (67.397%))
  Logic Levels:           2  (IBUF=1 LUT2=1)
  Clock Path Skew:        1.993ns (DCD - SCD - CPR)
    Destination Clock Delay (DCD):    1.993ns
    Source Clock Delay      (SCD):    0.000ns
    Clock Pessimism Removal (CPR):    -0.000ns

    Location             Delay type                Incr(ns)  Path(ns)    Netlist Resource(s)
  -------------------------------------------------------------------    -------------------
    V16                                               0.000     0.000 r  sw[1] (IN)
                         net (fo=0)                   0.000     0.000    sw[1]
    V16                  IBUF (Prop_ibuf_I_O)         0.229     0.229 r  sw_IBUF[1]_inst/O
                         net (fo=27, routed)          0.563     0.792    u_systolic_top/u_controller/shift_reg_reg[1][2][0][1]
    SLICE_X2Y5           LUT2 (Prop_lut2_I1_O)        0.043     0.835 r  u_systolic_top/u_controller/shift_reg[0][3][1]_i_1/O
                         net (fo=1, routed)           0.000     0.835    u_systolic_top/u_skew_b/shift_reg_reg[0][3][1]_1
    SLICE_X2Y5           FDRE                                         r  u_systolic_top/u_skew_b/shift_reg_reg[0][3][1]/D
  -------------------------------------------------------------------    -------------------

                         (clock sys_clk_pin rise edge)
                                                      0.000     0.000 r  
    W5                                                0.000     0.000 r  clk (IN)
                         net (fo=0)                   0.000     0.000    clk
    W5                   IBUF (Prop_ibuf_I_O)         0.414     0.414 r  clk_IBUF_inst/O
                         net (fo=1, routed)           0.685     1.099    clk_IBUF
    BUFGCTRL_X0Y0        BUFG (Prop_bufg_I_O)         0.029     1.128 r  clk_IBUF_BUFG_inst/O
                         net (fo=464, routed)         0.866     1.993    u_systolic_top/u_skew_b/clk_IBUF_BUFG
    SLICE_X2Y5           FDRE                                         r  u_systolic_top/u_skew_b/shift_reg_reg[0][3][1]/C

Slack:                    inf
  Source:                 sw[1]
                            (input port)
  Destination:            u_systolic_top/u_skew_a/shift_reg_reg[0][2][1]/D
                            (rising edge-triggered cell FDRE clocked by sys_clk_pin  {rise@0.000ns fall@5.000ns period=10.000ns})
  Path Group:             (none)
  Path Type:              Hold (Min at Fast Process Corner)
  Data Path Delay:        0.837ns  (logic 0.274ns (32.764%)  route 0.563ns (67.236%))
  Logic Levels:           2  (IBUF=1 LUT2=1)
  Clock Path Skew:        1.993ns (DCD - SCD - CPR)
    Destination Clock Delay (DCD):    1.993ns
    Source Clock Delay      (SCD):    0.000ns
    Clock Pessimism Removal (CPR):    -0.000ns

    Location             Delay type                Incr(ns)  Path(ns)    Netlist Resource(s)
  -------------------------------------------------------------------    -------------------
    V16                                               0.000     0.000 f  sw[1] (IN)
                         net (fo=0)                   0.000     0.000    sw[1]
    V16                  IBUF (Prop_ibuf_I_O)         0.229     0.229 f  sw_IBUF[1]_inst/O
                         net (fo=27, routed)          0.563     0.792    u_systolic_top/u_controller/shift_reg_reg[1][2][0][1]
    SLICE_X2Y5           LUT2 (Prop_lut2_I1_O)        0.045     0.837 r  u_systolic_top/u_controller/shift_reg[0][2][1]_i_1/O
                         net (fo=1, routed)           0.000     0.837    u_systolic_top/u_skew_a/shift_reg_reg[0][2][1]_1
    SLICE_X2Y5           FDRE                                         r  u_systolic_top/u_skew_a/shift_reg_reg[0][2][1]/D
  -------------------------------------------------------------------    -------------------

                         (clock sys_clk_pin rise edge)
                                                      0.000     0.000 r  
    W5                                                0.000     0.000 r  clk (IN)
                         net (fo=0)                   0.000     0.000    clk
    W5                   IBUF (Prop_ibuf_I_O)         0.414     0.414 r  clk_IBUF_inst/O
                         net (fo=1, routed)           0.685     1.099    clk_IBUF
    BUFGCTRL_X0Y0        BUFG (Prop_bufg_I_O)         0.029     1.128 r  clk_IBUF_BUFG_inst/O
                         net (fo=464, routed)         0.866     1.993    u_systolic_top/u_skew_a/clk_IBUF_BUFG
    SLICE_X2Y5           FDRE                                         r  u_systolic_top/u_skew_a/shift_reg_reg[0][2][1]/C

Slack:                    inf
  Source:                 sw[0]
                            (input port)
  Destination:            u_systolic_top/u_skew_b/shift_reg_reg[0][0][1]/D
                            (rising edge-triggered cell FDRE clocked by sys_clk_pin  {rise@0.000ns fall@5.000ns period=10.000ns})
  Path Group:             (none)
  Path Type:              Hold (Min at Fast Process Corner)
  Data Path Delay:        0.868ns  (logic 0.264ns (30.424%)  route 0.604ns (69.576%))
  Logic Levels:           2  (IBUF=1 LUT4=1)
  Clock Path Skew:        1.993ns (DCD - SCD - CPR)
    Destination Clock Delay (DCD):    1.993ns
    Source Clock Delay      (SCD):    0.000ns
    Clock Pessimism Removal (CPR):    -0.000ns

    Location             Delay type                Incr(ns)  Path(ns)    Netlist Resource(s)
  -------------------------------------------------------------------    -------------------
    V17                                               0.000     0.000 r  sw[0] (IN)
                         net (fo=0)                   0.000     0.000    sw[0]
    V17                  IBUF (Prop_ibuf_I_O)         0.221     0.221 r  sw_IBUF[0]_inst/O
                         net (fo=8, routed)           0.604     0.825    u_systolic_top/u_skew_b/shift_reg_reg[1][1][0]_0[0]
    SLICE_X3Y5           LUT4 (Prop_lut4_I1_O)        0.043     0.868 r  u_systolic_top/u_skew_b/shift_reg[0][0][1]_i_1/O
                         net (fo=1, routed)           0.000     0.868    u_systolic_top/u_skew_b/shift_reg[0][0][1]_i_1_n_0
    SLICE_X3Y5           FDRE                                         r  u_systolic_top/u_skew_b/shift_reg_reg[0][0][1]/D
  -------------------------------------------------------------------    -------------------

                         (clock sys_clk_pin rise edge)
                                                      0.000     0.000 r  
    W5                                                0.000     0.000 r  clk (IN)
                         net (fo=0)                   0.000     0.000    clk
    W5                   IBUF (Prop_ibuf_I_O)         0.414     0.414 r  clk_IBUF_inst/O
                         net (fo=1, routed)           0.685     1.099    clk_IBUF
    BUFGCTRL_X0Y0        BUFG (Prop_bufg_I_O)         0.029     1.128 r  clk_IBUF_BUFG_inst/O
                         net (fo=464, routed)         0.866     1.993    u_systolic_top/u_skew_b/clk_IBUF_BUFG
    SLICE_X3Y5           FDRE                                         r  u_systolic_top/u_skew_b/shift_reg_reg[0][0][1]/C





